Workbook
Name base_threshold: 'ICER Interpretation'!$F$10
Name cost_ANG: 'Costs & QALY'!$B$65
Name cost_CABG: 'Costs & QALY'!$B$66
Name cost_EST: 'Costs & QALY'!$B$64
Name cost_MM_moderate: 'Costs & QALY'!$B$69
Name cost_MM_postCABG: 'Costs & QALY'!$B$67
Name cost_MM_severe: 'Costs & QALY'!$B$68
Name cost_NT: 'Costs & QALY'!$B$69
Name p_AliveGiivenMVDCABG: Inputs!$C$53
Name p_AliveGivenMVDANG: Inputs!$B$53
Name p_AliveGivenSVDANG: Inputs!$B$52
Name p_AliveGivenSVDCABG: Inputs!$C$52
Name p_CABGfailMVD: Inputs!$C$59
Name p_CABGfailSVD: Inputs!$B$59
Name p_CABGsucessMVD: Inputs!$C$58
Name p_CABGsucessMVDCABG: Inputs!$C$58
Name p_CABGsucessSVD: Inputs!$B$52
Name p_DaethGivenMVDCABG: Inputs!$C$47
Name p_DeathGivenMVDANG: Inputs!$B$47
Name p_DeathGivenMVDCABG: Inputs!$C$47
Name p_DeathGivenSVDANG: Inputs!$B$46
Name p_FalseNegative: Inputs!$B$18
Name p_FalsePosiive: Inputs!$C$17
Name p_FalsePosiive_est: Inputs!$C$17
Name p_FalsePosiiveEST: Inputs!$C$17
Name p_healthy: Inputs!$B$7
Name p_HealthyGivenNegative: Inputs!$C$28
Name p_HealthyGivenNegativeCABG: Inputs!$C$42
Name p_HealthyGivenPositive: Inputs!$C$27
Name p_HealthyGivenPositiveCABG: Inputs!$C$41
Name p_MVD: Inputs!$B$12
Name p_MVDgivenS: Inputs!$B$10
Name p_sick: Inputs!$B$6
Name p_SickgivenNegative: Inputs!$B$28
Name p_SickgivenNegativeCABG: Inputs!$B$42
Name p_SickgivenPositive: Inputs!$B$27
Name p_SickgivenPositiveCABG: Inputs!$B$41
Name p_successSVDCABG: Inputs!$B$58
Name p_sVD: Inputs!$B$11
Name p_sVDgivenS: Inputs!$B$9
Name p_T: Inputs!$B$17
Name p_TestNegative: Inputs!$E$23
Name p_TestNegativeANG: Inputs!$E$38
Name p_TestPositive: Inputs!$E$22
Name p_TestPositiveANG: Inputs!$E$37
Name p_TrueNegative: Inputs!$C$18
Name p_TruePositive: Inputs!$B$17
Name p_TruePositive_EST: Inputs!$B$17

Sheet Title

Sheet Introduction

Sheet Inputs
A3: Probabilitiies
A5: Prior Proabilities
A6: p{s} | B6: 0.9
A7: p{h} | B7: =1-B6 -> 0.1
A9: p(SVD|S] | B9: 0.1
A10: P[MVD|S] | B10: 0.9
A11: p[SVD] | B11: =B9*B6 -> 0.09
A12: p[MVD] | B12: =B10*B6 -> 0.81
A14: For EST:
A15: Conditional Probabilities (p[T+|S])
B16: Sick (s) | C16: Healthy (h)
A17: Test +ve | B17: 0.85 | C17: =1-C18 -> 0.1
A18: Test -ve | B18: =1-B17 -> 0.15 | C18: 0.9
A20: Joint Proabilities (p[T+,s] = p[s].p[T+|s)
B21: sick(s) | C21: Healthy (h)
A22: Test +ve | B22: =B6*B17 -> 0.765 | C22: =B7*C17 -> 0.01 | D22: p[T+]= | E22: =B22+C22 -> 0.775 | M22: `
A23: Test -ve | B23: =B6*B18 -> 0.135 | C23: =B7*C18 -> 0.09 | D23: p[T-]= | E23: =B23+C23 -> 0.225
A25: Predictive Values(p[s|+ve) = p[T+, s]/p[T+ )
B26: sick (s) | C26: Healthy (h)
A27: Test +ve | B27: =B22/E22 -> 0.98709677 | C27: =C22/E22 -> 0.012903226 | D27: =B27+C27 -> 1
A28: Test -ve | B28: =B23/E23 -> 0.6 | C28: =C23/E23 -> 0.4 | D28: =B28+C28 -> 1
A30: For ANG:
A31: Conditional Probabilities (p[T+|S])
B32: Sick (s) | C32: Healthy (h)
A33: Test +ve | B33: 1 | C33: =1-C34 -> 0
A34: Test -ve | B34: =1-B33 -> 0 | C34: 1 | G34: `
A35: Joint Proabilities (p[T+,s] = p[s].p[T+|s)
B36: sick(s) | C36: Healthy (h)
A37: Test +ve | B37: =B33*B6 -> 0.9 | C37: =C33*B7 -> 0 | D37: p[T+]= | E37: =B37+C37 -> 0.9
A38: Test -ve | B38: =B34*B6 -> 0 | C38: =C34*B7 -> 0.1 | D38: p[T-]= | E38: =B38+C38 -> 0.1
A39: Predictive Values(p[s|T+) = p[T+, s]/p[T+ )
B40: sick (s) | C40: Healthy (h)
A41: Test +ve | B41: =B37/E37 -> 1 | C41: =C37/E37 -> 0
A42: Test -ve | B42: =B38/E38 -> 0 | C42: =C38/E38 -> 1
A44: Probabilities of Death (p[D|SVD]
B45: ANG | C45: CABG
A46: p(SVD) | B46: 0.0003 | C46: 0.03
A47: p(MVD) | B47: 0.001 | C47: 0.08
A48: p[no disease] | B48: 0.0002
A50: Probabilities of Alive (p[A|SVD])
B51: ANG | C51: CABG
A52: p(SVD) | B52: =1-B46 -> 0.9997 | C52: =1-C46 -> 0.97
A53: p(MVD) | B53: =1-B47 -> 0.999 | C53: =1-C47 -> 0.92
A54: p[no disease] | B54: =1-B48 -> 0.9998
A56: Probabilities of CABG success/failure
B57: SVD | C57: MVD
A58: Success | B58: 0.85 | C58: 0.7
A59: Fail | B59: =1-B58 -> 0.15 | C59: =1-C58 -> 0.3

Sheet Costs & QALY
A1: QALY CALCULATION
A2: ROSSER MATRIX
A3: Disability | B3: A | C3: B | D3: C | E3: D
A4: I | B4: 1 | C4: 0.995 | D4: 0.99 | E4: 0.967
A5: II | B5: 0.99 | C5: 0.986 | D5: 0.973 | E5: 0.932
A6: III | B6: 0.98 | C6: 0.972 | D6: 0.956 | E6: 0.912
A7: IV | B7: 0.964 | C7: 0.956 | D7: 0.942 | E7: 0.87
A8: V | B8: 0.946 | C8: 0.935 | D8: 0.9 | E8: 0.7
A9: VI | B9: 0.875 | C9: 0.845 | D9: 0.68 | E9: 0
A10: VII | B10: 0.677 | C10: 0.564 | D10: 0 | E10: -1.486
A11: VIII | B11: -1.028 | C11: - | D11: - | E11: -
A13: DISCOUNT FACTOR
A14: Discount Rate = | B14: 0.035
A17: Severe Pain> SVD> CABG | G17: Severe Pain>MVD>CABG
A18: Health States | B18: Disability/Stress level | C18: Utility Values | D18: Discounted QALY | G18: Health States | H18: Disability/Stress level | I18: Utility Values | J18: Discounted QALY
A19: 1 | B19: IA | C19: =B4 -> 1 | D19: =C19/((1+B$14)^A19) -> 0.96618357 | G19: 1 | H19: IB | I19: =C4 -> 0.995 | J19: =I19/((1+B$14)^G19) -> 0.96135266
A20: 2 | B20: IA | C20: =B4 -> 1 | D20: =C20/((1+B$14)^A20) -> 0.9335107 | G20: 2 | H20: IA | I20: =B4 -> 1 | J20: =I20/((1+B$14)^G20) -> 0.9335107
A21: 3 | B21: IA | C21: =B4 -> 1 | D21: =C21/((1+B$14)^A21) -> 0.90194271 | G21: 3 | H21: IIA | I21: =B5 -> 0.99 | J21: =I21/((1+B$14)^G21) -> 0.89292328
A22: 4 | B22: IIB | C22: =C5 -> 0.986 | D22: =C22/((1+B$14)^A22) -> 0.85924204 | G22: 4 | H22: IIB | I22: =C5 -> 0.986 | J22: =I22/((1+B$14)^G22) -> 0.85924204
A23: 5 | B23: IIB | C23: =C5 -> 0.986 | D23: =C23/((1+B$14)^A23) -> 0.83018554 | G23: 5 | H23: IIIB | I23: =C6 -> 0.972 | J23: =I23/((1+B$14)^G23) -> 0.81839792
A24: 6 | B24: IIB | C24: =C5 -> 0.986 | D24: =C24/((1+B$14)^A24) -> 0.80211164 | G24: 6 | H24: IVC | I24: =D7 -> 0.942 | J24: =I24/((1+B$14)^G24) -> 0.76631761
A25: 7 | B25: IIC | C25: =D5 -> 0.973 | D25: =C25/((1+B$14)^A25) -> 0.7647692 | G25: 7 | H25: IVC | I25: =D7 -> 0.942 | J25: =I25/((1+B$14)^G25) -> 0.74040348
A26: 8 | B26: IIIC | C26: =D6 -> 0.956 | D26: =C26/((1+B$14)^A26) -> 0.72599745 | G26: 8 | H26: VC | I26: =D8 -> 0.9 | J26: =I26/((1+B$14)^G26) -> 0.6834704
A27: 9 | B27: IIIC | C27: =D6 -> 0.956 | D27: =C27/((1+B$14)^A27) -> 0.70144681 | G27: 9 | H27: VID | I27: =E9 -> 0 | J27: =I27/((1+B$14)^G27) -> 0
A28: 10 | B28: IIIC | C28: =D6 -> 0.956 | D28: =C28/((1+B$14)^A28) -> 0.67772639 | G28: 10 | H28: VIID | I28: =E10 -> -1.486 | J28: =I28/((1+B$14)^G28) -> -1.0534534
C29: Total QALY | D29: =SUM(D19:D28) -> 8.163116 | I29: Total Qaly | J29: =SUM(J19:J28) -> 5.6021647
A32: Severe Pain> SVD> MM | G32: Severe Pain> MVD> MM
A33: Health States | B33: Disability/Stress level | C33: Utility Values | D33: Discounted QALY | G33: Health States | H33: Disability/Stress level | I33: Utility Values | J33: Discounted QALY
A34: 1 | B34: IIB | C34: =C5 -> 0.986 | D34: =C34/((1+B$14)^A34) -> 0.952657 | G34: 1 | H34: IIIC | I34: =D6 -> 0.956 | J34: =I34/((1+B$14)^G34) -> 0.9236715
A35: 2 | B35: IIB | C35: =C5 -> 0.986 | D35: =C35/((1+B$14)^A35) -> 0.92044155 | G35: 2 | H35: IIIC | I35: =D6 -> 0.956 | J35: =I35/((1+B$14)^G35) -> 0.89243623
A36: 3 | B36: IIIC | C36: =D6 -> 0.956 | D36: =C36/((1+B$14)^A36) -> 0.86225723 | G36: 3 | H36: IVC | I36: =D7 -> 0.942 | J36: =I36/((1+B$14)^G36) -> 0.84963003
A37: 4 | B37: IIIC | C37: =D6 -> 0.956 | D37: =C37/((1+B$14)^A37) -> 0.83309877 | G37: 4 | H37: IVD | I37: =E7 -> 0.87 | J37: =I37/((1+B$14)^G37) -> 0.75815474
A38: 5 | B38: IIIC | C38: =D6 -> 0.956 | D38: =C38/((1+B$14)^A38) -> 0.80492635 | G38: 5 | H38: VD | I38: =E8 -> 0.7 | J38: =I38/((1+B$14)^G38) -> 0.58938122
A39: 6 | B39: IVC | C39: =D7 -> 0.942 | D39: =C39/((1+B$14)^A39) -> 0.76631761 | I39: Toral QALY | J39: =SUM(J34:J38) -> 4.0132737
A40: 7 | B40: IVC | C40: =D7 -> 0.942 | D40: =C40/((1+B$14)^A40) -> 0.74040348
A41: 8 | B41: IVC | C41: =D7 -> 0.942 | D41: =C41/((1+B$14)^A41) -> 0.71536569
A42: 9 | B42: VD | C42: =E8 -> 0.7 | D42: =C42/((1+B$14)^A42) -> 0.51361168
A43: 10 | B43: VD | C43: =E8 -> 0.7 | D43: =C43/((1+B$14)^A43) -> 0.49624317
C44: Total QALY | D44: =SUM(D34:D43) -> 7.6053225
M46: Severe Pain>Healthy>No Treatment
A47: Severe Pain >SVD>No Treatment | G47: Severe Pain >MVD>No Treatment | M47: Years | N47: Utility Values | O47: Discounted QALY
A48: Health States | B48: Disability/Stress level | C48: Utility Values | D48: Discounted QALY | G48: Health States | H48: Disability/Stress level | I48: Utility Values | J48: Discounted QALY | M48: 1 | N48: 1 | O48: =N48/((1+B$14)^M48) -> 0.96618357
A49: 1 | B49: VD | C49: =E8 -> 0.7 | D49: =C49/((1+B$14)^A49) -> 0.6763285 | G49: 1 | H49: VD | I49: =E8 -> 0.7 | J49: =I49/((1+B$14)^G49) -> 0.6763285 | M49: 2 | N49: 1 | O49: =N49/((1+B$14)^M49) -> 0.9335107
A50: 2 | B50: VD | C50: =E8 -> 0.7 | D50: =C50/((1+B$14)^A50) -> 0.65345749 | G50: 2 | H50: VD | I50: =E8 -> 0.7 | J50: =I50/((1+B$14)^G50) -> 0.65345749 | M50: 3 | N50: 1 | O50: =N50/((1+B$14)^M50) -> 0.90194271
A51: 3 | B51: VD | C51: =E8 -> 0.7 | D51: =C51/((1+B$14)^A51) -> 0.63135989 | G51: 3 | H51: VID | I51: =E9 -> 0 | J51: =I51/((1+B$14)^G51) -> 0 | M51: 4 | N51: 0.995 | O51: =N51/((1+B$14)^M51) -> 0.86708502
A52: 4 | B52: VD | C52: =E8 -> 0.7 | D52: =C52/((1+B$14)^A52) -> 0.61000956 | G52: 4 | H52: VID | I52: =E9 -> 0 | J52: =I52/((1+B$14)^G52) -> 0 | M52: 5 | N52: 0.995 | O52: =N52/((1+B$14)^M52) -> 0.8377633
A53: 5 | B53: VD | C53: =E8 -> 0.7 | D53: =C53/((1+B$14)^A53) -> 0.58938122 | G53: 5 | H53: VID | I53: =E9 -> 0 | J53: =I53/((1+B$14)^G53) -> 0 | M53: 6 | N53: 0.995 | O53: =N53/((1+B$14)^M53) -> 0.80943314
A54: 6 | B54: VD | C54: =E8 -> 0.7 | D54: =C54/((1+B$14)^A54) -> 0.56945045 | I54: Total QALY | J54: =SUM(J49:J53) -> 1.329786 | M54: 7 | N54: 0.986 | O54: =N54/((1+B$14)^M54) -> 0.77498709
A55: 7 | B55: VD | C55: =E8 -> 0.7 | D55: =C55/((1+B$14)^A55) -> 0.55019367 | M55: 8 | N55: 0.986 | O55: =N55/((1+B$14)^M55) -> 0.74877979
A56: 8 | B56: VID | C56: =E9 -> 0 | D56: =C56/((1+B$14)^A56) -> 0 | M56: 9 | N56: 0.986 | O56: =N56/((1+B$14)^M56) -> 0.72345874
A57: 9 | B57: VID | C57: =E9 -> 0 | D57: =C57/((1+B$14)^A57) -> 0 | M57: 10 | N57: 0.986 | O57: =N57/((1+B$14)^M57) -> 0.69899395
A58: 10 | B58: VID | C58: =E9 -> 0 | D58: =C58/((1+B$14)^A58) -> 0 | M58: 11 | N58: 0.986 | O58: =N58/((1+B$14)^M58) -> 0.67535647
C59: Total QALY | D59: =SUM(D49:D58) -> 4.2801808 | M59: 12 | N59: 0.986 | O59: =N59/((1+B$14)^M59) -> 0.65251833
M60: 13 | N60: 0.986 | O60: =N60/((1+B$14)^M60) -> 0.63045249
M61: 14 | N61: 0.972 | O61: =N61/((1+B$14)^M61) -> 0.6004839
A62: COSTS CALCULATION | M62: 15 | N62: 0.972 | O62: =N62/((1+B$14)^M62) -> 0.58017768
A63: Given Cost Values (GBP): | N63: TOTAL | O63: =SUM(O48:O62) -> 11.401127
A64: cost_EST | B64: 53
A65: cost_ANG | B65: 668
A66: cost_CABG | B66: 3527
A67: cost_MM_postCABG | B67: 107
A68: cost_MM_severe | B68: 214
A69: cost_NT | B69: 0
A71: MM for SVD> CABG(Successful) | E71: MM for MVD> CABG(Successful)
A72: year | B72: Cost | C72: Dis. Cost | E72: year | F72: Cost | G72: Dis. Cost
A73: 1 | B73: =B$67 -> 107 | C73: =B73/((1+B$14)^$A73) -> 103.38164 | E73: 1 | F73: =B$67 -> 107 | G73: =F73/((1+B$14)^E73) -> 103.38164
A74: 2 | B74: =B$67 -> 107 | C74: =B74/((1+B$14)^$A74) -> 99.885645 | E74: 2 | F74: =B$67 -> 107 | G74: =F74/((1+B$14)^E74) -> 99.885645
A75: 3 | B75: =B$67 -> 107 | C75: =B75/((1+B$14)^$A75) -> 96.50787 | E75: 3 | F75: =B$67 -> 107 | G75: =F75/((1+B$14)^E75) -> 96.50787
A76: 4 | B76: =B$67 -> 107 | C76: =B76/((1+B$14)^$A76) -> 93.244318 | E76: 4 | F76: =B$67 -> 107 | G76: =F76/((1+B$14)^E76) -> 93.244318
A77: 5 | B77: =B$67 -> 107 | C77: =B77/((1+B$14)^$A77) -> 90.091129 | E77: 5 | F77: =B$67 -> 107 | G77: =F77/((1+B$14)^E77) -> 90.091129
A78: 6 | B78: =B$67 -> 107 | C78: =B78/((1+B$14)^$A78) -> 87.044569 | E78: 6 | F78: =B$67 -> 107 | G78: =F78/((1+B$14)^E78) -> 87.044569
A79: 7 | B79: =B$67 -> 107 | C79: =B79/((1+B$14)^$A79) -> 84.101033 | E79: 7 | F79: =B$67 -> 107 | G79: =F79/((1+B$14)^E79) -> 84.101033
A80: 8 | B80: =B$67 -> 107 | C80: =B80/((1+B$14)^$A80) -> 81.257037 | E80: 8 | F80: =B$67 -> 107 | G80: =F80/((1+B$14)^E80) -> 81.257037
A81: 9 | B81: =B$67 -> 107 | C81: =B81/((1+B$14)^$A81) -> 78.509214 | E81: 9 | F81: =B$67 -> 107 | G81: =F81/((1+B$14)^E81) -> 78.509214
A82: 10 | B82: =B$67 -> 107 | C82: =B82/((1+B$14)^$A82) -> 75.854313 | E82: 10 | F82: =B$67 -> 107 | G82: =F82/((1+B$14)^E82) -> 75.854313
A83: Total | B83: =SUM(B73:B82) -> 1070 | C83: =SUM(C73:C82) -> 889.87677 | E83: Total | F83: =SUM(F73:F82) -> 1070 | G83: =SUM(G73:G82) -> 889.87677
A85: MM for SVD> CABG(Failure) | E85: MM for MVD> CABG(Failure)
A86: year | B86: Cost | C86: Dis. Cost | E86: year | F86: Cost | G86: Dis. Cost
A87: 1 | B87: =B$68 -> 214 | C87: =B87/((1+B$14)^A87) -> 206.76329 | E87: 1 | F87: =B$68 -> 214 | G87: =F87/((1+B$14)^E87) -> 206.76329
A88: 2 | B88: =B$68 -> 214 | C88: =B88/((1+B$14)^A88) -> 199.77129 | E88: 2 | F88: =B$68 -> 214 | G88: =F88/((1+B$14)^E88) -> 199.77129
A89: 3 | B89: =B$68 -> 214 | C89: =B89/((1+B$14)^A89) -> 193.01574 | E89: 3 | F89: =B$68 -> 214 | G89: =F89/((1+B$14)^E89) -> 193.01574
A90: 4 | B90: =B$68 -> 214 | C90: =B90/((1+B$14)^A90) -> 186.48864 | E90: 4 | F90: =B$68 -> 214 | G90: =F90/((1+B$14)^E90) -> 186.48864
A91: 5 | B91: =B$68 -> 214 | C91: =B91/((1+B$14)^A91) -> 180.18226 | E91: 5 | F91: =B$68 -> 214 | G91: =F91/((1+B$14)^E91) -> 180.18226
A92: 6 | B92: =B$68 -> 214 | C92: =B92/((1+B$14)^A92) -> 174.08914 | E92: 6 | F92: 0 | G92: =F92/((1+B$14)^E92) -> 0
A93: 7 | B93: =B$68 -> 214 | C93: =B93/((1+B$14)^A93) -> 168.20207 | E93: 7 | F93: 0 | G93: =F93/((1+B$14)^E93) -> 0
A94: 8 | B94: =B$68 -> 214 | C94: =B94/((1+B$14)^A94) -> 162.51407 | E94: 8 | F94: 0 | G94: =F94/((1+B$14)^E94) -> 0
A95: 9 | B95: =B$68 -> 214 | C95: =B95/((1+B$14)^A95) -> 157.01843 | E95: 9 | F95: 0 | G95: =F95/((1+B$14)^E95) -> 0
A96: 10 | B96: =B$68 -> 214 | C96: =B96/((1+B$14)^A96) -> 151.70863 | E96: 10 | F96: 0 | G96: =F96/((1+B$14)^E96) -> 0
A97: Total | B97: =SUM(B87:B96) -> 2140 | C97: =SUM(C87:C96) -> 1779.7535 | E97: Total | F97: =SUM(F87:F96) -> 1070 | G97: =SUM(G87:G96) -> 966.22121
A99: MM for SVD | E99: MM for MVD
A100: year | B100: Cost | C100: Dis. Cost | E100: year | F100: Cost | G100: Dis. Cost
A101: 1 | B101: =B$68 -> 214 | C101: =B101/((1+B$14)^A101) -> 206.76329 | E101: 1 | F101: =B$68 -> 214 | G101: =F101/((1+B$14)^E101) -> 206.76329
A102: 2 | B102: =B$68 -> 214 | C102: =B102/((1+B$14)^A102) -> 199.77129 | E102: 2 | F102: =B$68 -> 214 | G102: =F102/((1+B$14)^E102) -> 199.77129
A103: 3 | B103: =B$68 -> 214 | C103: =B103/((1+B$14)^A103) -> 193.01574 | E103: 3 | F103: =B$68 -> 214 | G103: =F103/((1+B$14)^E103) -> 193.01574
A104: 4 | B104: =B$68 -> 214 | C104: =B104/((1+B$14)^A104) -> 186.48864 | E104: 4 | F104: =B$68 -> 214 | G104: =F104/((1+B$14)^E104) -> 186.48864
A105: 5 | B105: =B$68 -> 214 | C105: =B105/((1+B$14)^A105) -> 180.18226 | E105: 5 | F105: =B$68 -> 214 | G105: =F105/((1+B$14)^E105) -> 180.18226
A106: 6 | B106: =B$68 -> 214 | C106: =B106/((1+B$14)^A106) -> 174.08914 | E106: 6 | F106: 0 | G106: =F106/((1+B$14)^E106) -> 0
A107: 7 | B107: =B$68 -> 214 | C107: =B107/((1+B$14)^A107) -> 168.20207 | E107: 7 | F107: 0 | G107: =F107/((1+B$14)^E107) -> 0
A108: 8 | B108: =B$68 -> 214 | C108: =B108/((1+B$14)^A108) -> 162.51407 | E108: 8 | F108: 0 | G108: =F108/((1+B$14)^E108) -> 0
A109: 9 | B109: =B$68 -> 214 | C109: =B109/((1+B$14)^A109) -> 157.01843 | E109: 9 | F109: 0 | G109: =F109/((1+B$14)^E109) -> 0
...

Sheet The Decision Tree
P2: Different Strategy Strands for the Treatment of Severe Angina
AR13: P[SVD|S]
AR14: =p_sVDgivenS -> 0.1 | AT14: Cost | AU14: ='Costs & QALY'!C111 -> 1779.7535 | AV14: QALY | AW14: ='Costs & QALY'!D44 -> 7.6053225
AJ15: P[S|+VE] | AM15: EV | AN15: =AR14*AW14+AR18*AW18 -> 4.3724786
AJ16: =p_SickgivenPositive -> 0.98709677
AD17: MM | AG17: EV | AH17: =AJ16*AN15+AJ20*AQ20 -> 4.4631708 | AM17: EC | AN17: =AR14*AU14+AR18*AU18 -> 1047.5744 | AR17: P[MVD|S]
AD18: 1 | AR18: =p_MVDgivenS -> 0.9 | AT18: Cost | AU18: ='Costs & QALY'!G111 -> 966.22121 | AV18: QALY | AW18: ='Costs & QALY'!J39 -> 4.0132737
AG19: EC | AH19: =AJ16*AN17+AJ20*AL20 -> 1065.8603 | AJ19: P[H|+VE]
AJ20: =p_HealthyGivenPositive -> 0.012903226 | AK20: Cost | AL20: ='Costs & QALY'!C130 -> 2464.7259 | AN20: QALY | AQ20: ='Costs & QALY'!O63 -> 11.401127
AZ25: MM | BB25: Cost | BC25: ='Costs & QALY'!C111 -> 1779.7535 | BE25: QALY | BF25: ='Costs & QALY'!D44 -> 7.6053225 | BM25: Success
X26: Test +ve | AA26: EV | AB26: =IF(AH43>AH17,AH43,AH17) -> 5.1054064 | AZ26: 1 | BM26: =p_successSVDCABG -> 0.85 | BO26: Cost | BP26: ='Costs & QALY'!C83 -> 889.87677 | BR26: QALY | BS26: ='Costs & QALY'!D29 -> 8.163116
X27: =p_TestPositive -> 0.775 | AV27: Alive | AW27: EV | AX27: =IF(BC29>BF25,BC29,BF25) -> 7.8370636 | BE27: Alive | BJ27: EV | BK27: =BM26*BS26+BM30*BS30 -> 8.079447
AA28: EC | AB28: =IF(AH45>AH19,AH45,AH19) -> 5021.2885 | AV28: =p_AliveGivenSVDANG -> 0.9997 | BA28: CABG | BE28: =p_AliveGivenSVDCABG -> 0.97
AP29: SVD | AS29: EV | AT29: =AV28*AX27+AV35*BB35 -> 7.8347125 | AW29: EC | AX29: =IF(BA31>BC25,BA31,BC25) -> 4519.6575 | AZ29: CABG | BA29: =cost_CABG -> 3527 | BB29: EV | BC29: =BE28*BK27+BE32*BK32 -> 7.8370636 | BJ29: EC | BK29: =BM30*BP30+BM26*BP26 -> 1023.3583 | BM29: Fail
AA30: Optimal | AB30: =IF(AH43>AH17,AD43,AD17) -> ANG | AP30: =p_sVDgivenS -> 0.1 | AW30: Optimal | AX30: =IF(BC29>BF25,AZ29,AZ25) -> CABG | AZ30: 1 | BM30: =p_CABGfailSVD -> 0.15 | BO30: Cost | BP30: ='Costs & QALY'!C97 -> 1779.7535 | BR30: QALY | BS30: ='Costs & QALY'!D44 -> 7.6053225
AA31: NMB | AB31: =(AB26*base_threshold)-AB28 -> 148140.9 | AS31: EC | AT31: =AV28*AX29+AV35*AY35 -> 4518.3016 | AW31: NMB | AX31: =('The Decision Tree'!AX27*base_threshold)-'The Decision Tree'!AX29 -> 230592.25 | AZ31: EC+CABG | BA31: =BC31+BA29 -> 4519.6575 | BB31: EC | BC31: =BE28*BK29+BE32*BH32 -> 992.65754 | BE31: Dead
BE32: =Inputs!C46 -> 0.03 | BG32: Cost | BH32: 0 | BJ32: QALY | BK32: 0
AV34: Dead
AV35: =p_DeathGivenSVDANG -> 0.0003 | AX35: Cost | AY35: 0 | BA35: QALY | BB35: 0
AK37: ANG
AJ38: Test +ve | AK38: =cost_ANG -> 668 | AM38: EV | AN38: =AP30*AT29+AP43*AT42 -> 5.0231392 | AZ38: MM | BM38: Success
AJ39: =p_SickgivenPositive -> 0.98709677 | AZ39: 1 | BB39: Cost | BC39: ='Costs & QALY'!G111 -> 966.22121 | BE39: QALY | BF39: ='Costs & QALY'!J39 -> 4.0132737 | BM39: =p_CABGsucessMVD -> 0.7 | BO39: Cost | BP39: ='Costs & QALY'!G83 -> 889.87677 | BR39: QALY | BS39: ='Costs & QALY'!J29 -> 5.6021647
AJ40: EC+ANG | AK40: =AN40+AK38 -> 5045.982 | AM40: EC | AN40: =AP30*AT31+AP43*AT44 -> 4377.982 | AV40: Alive | AW40: EV | AX40: =IF(BC42>BF39,BC42,BF39) -> 4.7154576 | BE40: Alive | BJ40: EV | BK40: =BM39*BS39+BM43*BS43 -> 5.1254974
AV41: =p_AliveGivenMVDANG -> 0.999 | BA41: CABG | BE41: =p_AliveGiivenMVDCABG -> 0.92
AP42: MVD | AS42: EV | AT42: =AV41*AX40+AV48*BB48 -> 4.7107422 | AW42: EC | AX42: =IF(BA44>BC39,BA44,BC39) -> 4366.7577 | AZ42: CABG | BA42: =cost_CABG -> 3527 | BB42: EV | BC42: =BE41*BK40+BE45*BK45 -> 4.7154576 | BJ42: EC | BK42: =BM39*BP39+BM43*BP43 -> 912.7801 | BM42: Fail
R43: EST Cost | AD43: ANG | AE43: EC | AG43: EV | AH43: =AJ39*AN38+AJ57*AN56 -> 5.1054064 | AP43: =p_MVDgivenS -> 0.9 | AW43: Optimal | AX43: =IF(BC42>BF39,AZ42,AZ38) -> CABG | AZ43: 1 | BM43: =p_CABGfailMVD -> 0.3 | BO43: Cost | BP43: ='Costs & QALY'!G97 -> 966.22121 | BR43: QALY | BS43: ='Costs & QALY'!J39 -> 4.0132737
Q44: EST | R44: =cost_EST -> 53 | U44: EV | V44: =X27*AB26+X74*AB73 -> 5.573076 | AD44: 1 | AS44: EC | AT44: =AV41*AX42+AV48*AY48 -> 4362.3909 | AW44: NMB | AX44: =(AX40*base_threshold)-AX42 -> 137096.97 | AZ44: EC+CABG | BA44: =BC44+BA42 -> 4366.7577 | BB44: EC | BC44: =BE41*BK42+BE45*BH45 -> 839.75769 | BE44: Dead
Q45: 1 | AG45: EC | AH45: =AJ39*AK40+AJ57*AK58 -> 5021.2885 | BE45: =p_DaethGivenMVDCABG -> 0.08 | BG45: cost | BH45: 0 | BJ45: QALY | BK45: 0
Q46: EC+EST | R46: =V46+R44 -> 4307.7464 | U46: EC | V46: =X27*AB28+X74*AB75 -> 4254.7464
AV47: Dead
AV48: =p_DeathGivenMVDANG -> 0.001 | AX48: cost | AY48: 0 | BA48: QALY | BB48: 0
AV52: MM
AQ53: ANG COST | AV53: 1 | AX53: Cost | AY53: ='Costs & QALY'!C130 -> 2464.7259 | BA53: QALY | BB53: ='Costs & QALY'!O63 -> 11.401127
AP54: Alive | AQ54: 668 | AS54: EV | AT54: =IF(BB57>BB53,BB57,BB53) -> 11.401127
AK55: ANG | AP55: =Inputs!B54 -> 0.9998
AJ56: Test -ve | AK56: =cost_ANG -> 668 | AM56: EV | AN56: =AP55*AT54+AP59*AV59 -> 11.398847 | AP56: EC+ANG | AQ56: =AT56+AQ54 -> 3132.7259 | AS56: EC | AT56: =IF(AY57>AY53,AY57,AY53) -> 2464.7259 | AV56: No Treat
AJ57: =p_HealthyGivenPositive -> 0.012903226 | AS57: Optimal | AT57: =IF(BB53>BB57,AV52,AV56) -> No Treat | AV57: 1 | AX57: Cost | AY57: 0 | BA57: QALY | BB57: ='Costs & QALY'!O63 -> 11.401127
AJ58: EC+ANG | AK58: =AN58+AK56 -> 3132.233 | AM58: EC | AN58: =AP55*AT56+AP59*AS59 -> 2464.233 | AP58: Dead | AS58: NMB | AT58: =(AT54*base_threshold)-AT56 -> 339569.08
AP59: =Inputs!B48 -> 0.0002 | AR59: cost | AS59: 0 | AU59: QALY | AV59: 0
AP63: P[SVD|S] | AR63: Cost | AS63: ='Costs & QALY'!C111 -> 1779.7535 | AU63: QALY | AV63: ='Costs & QALY'!D44 -> 7.6053225
AP64: =p_sVDgivenS -> 0.1
AJ66: P[S|-ve] | AM66: EV | AN66: =AP64*AV63+AP70*AV69 -> 4.3724786
AJ67: =p_SickgivenNegative -> 0.6
AM68: EC | AN68: =AP64*AS63+AP70*AS69 -> 1047.5744
AD69: MM | AG69: EV | AH69: =AJ67*AN66+AJ73*AP72 -> 7.1839379 | AP69: P[MVD|S] | AR69: Cost | AS69: ='Costs & QALY'!G111 -> 966.22121 | AU69: QALY | AV69: ='Costs & QALY'!J39 -> 4.0132737
AD70: 1 | AP70: =p_MVDgivenS -> 0.9
AG71: EC | AH71: =AJ67*AN68+AJ73*AM72 -> 1614.435
AJ72: P[H|-ve] | AL72: Cost | AM72: ='Costs & QALY'!C130 -> 2464.7259 | AO72: QALY | AP72: ='Costs & QALY'!O63 -> 11.401127
X73: Test -ve | AA73: EV | AB73: =IF(AH69>AH80,AH69,AH80) -> 7.1839379 | AJ73: =p_HealthyGivenNegative -> 0.4
X74: =p_TestNegative -> 0.225
AA75: EC | AB75: =IF(AH71>AH82,AH71,AH82) -> 1614.435
AP76: P[SVD|S] | AR76: Cost | AS76: 0 | AU76: QALY | AV76: ='Costs & QALY'!D59 -> 4.2801808
K77: Test | N77: EV | O77: =IF(V108>V44,V108,V44) -> 5.6607099 | AA77: Optimal | AB77: =IF(AH69>AH80,AD69,AD80) -> MM | AP77: =p_sVDgivenS -> 0.1
K78: 1 | AJ78: P[S|-ve] | AM78: EV | AN78: =AP77*AV76+AP81*AV80 -> 1.6248255
N79: EC | O79: =IF(V110>V46,V110,V46) -> 4854.5937 | AJ79: =p_SickgivenNegative -> 0.6
N80: Optimal | O80: =IF(V108>V44,Q108,Q44) -> ANG | AD80: No treat | AG80: EV | AH80: =AJ79*AN78+AJ86*AP85 -> 5.535346 | AM80: EC | AN80: =AP77*AS76+AP81*AS80 -> 0 | AP80: P[MVD|S] | AR80: Cost | AS80: 0 | AU80: QALY | AV80: ='Costs & QALY'!J54 -> 1.329786
N81: NMB | O81: =(O77*base_threshold)-O79 -> 164966.7 | AD81: 1 | AP81: =p_MVDgivenS -> 0.9
AG82: EC | AH82: =AJ79*AN80+AJ86*AM85 -> 0
AJ85: P[H|-ve] | AL85: Cost | AM85: 0 | AO85: QALY | AP85: ='Costs & QALY'!O63 -> 11.401127
AJ86: =p_HealthyGivenNegative -> 0.4
AP91: MM | AR91: Cost | AS91: ='Costs & QALY'!C111 -> 1779.7535 | AU91: QALY | AV91: ='Costs & QALY'!D44 -> 7.6053225
AP92: 1
AY95: Success | BA95: Cost | BB95: ='Costs & QALY'!C83 -> 889.87677 | BD95: QALY | BE95: ='Costs & QALY'!D29 -> 8.163116
AY96: =p_successSVDCABG -> 0.85
AJ97: Alive | AM97: EV | AN97: =IF(AS99>AV91,AS99,AV91) -> 7.8370636 | AU97: Alive | AV97: EV | AW97: =AY96*BE95+AY100*BE99 -> 8.079447
AE98: ANG Cost | AJ98: =p_AliveGivenSVDANG -> 0.9997 | AQ98: CABG Cost | AU98: =p_AliveGivenSVDCABG -> 0.97
AD99: SVD | AE99: =cost_ANG -> 668 | AG99: EV | AH99: =AJ98*AN97+AJ105*AQ105 -> 7.8347125 | AM99: EC | AN99: =IF(AQ101>AS91,AQ101,AS91) -> 4519.6575 | AP99: CABG | AQ99: =cost_CABG -> 3527 | AR99: EV | AS99: =AU98*AW97+AU102*BA102 -> 7.8370636 | AV99: EC | AW99: =AY96*BB95+AY100*BB99 -> 1023.3583 | AY99: Fail | BA99: Cost | BB99: ='Costs & QALY'!C97 -> 1779.7535 | BD99: QALY | BE99: ='Costs & QALY'!D44 -> 7.6053225
AD100: =p_sVDgivenS -> 0.1 | AM100: Optimal | AN100: =IF(AS99>AV91,AP99,AP91) -> CABG | AP100: 1 | AY100: =p_CABGfailSVD -> 0.15
AD101: EC+ANG | AE101: =AH101+AE99 -> 5186.3016 | AG101: EC | AH101: =AJ98*AN99+AJ105*AN105 -> 4518.3016 | AM101: NMB | AN101: =(AN97*base_threshold)-AN99 -> 230592.25 | AP101: EC+CABG | AQ101: =AS101+AQ99 -> 4519.6575 | AR101: EC | AS101: =AU98*AW99+AU102*AX102 -> 992.65754 | AU101: Dead
AU102: =Inputs!C46 -> 0.03 | AW102: Cost | AX102: 0 | AZ102: QALY | BA102: 0
AJ104: Dead
AJ105: =p_DeathGivenSVDANG -> 0.0003 | AM105: Cost | AN105: 0 | AP105: QALY | AQ105: 0
Q108: ANG | U108: EV | V108: =X109*AB108+X134*AB133 -> 5.6607099 | X108: Test +ve | AA108: EV | AB108: =AD100*AH99+AD113*AH112 -> 5.0231392 | AP108: MM
Q109: 1 | X109: =p_TestPositiveANG -> 0.9 | AP109: 1 | AR109: Cost | AS109: ='Costs & QALY'!G111 -> 966.22121 | AU109: QALY | AV109: ='Costs & QALY'!J39 -> 4.0132737
U110: EC | V110: =X109*AB110+X134*AB135 -> 4854.5937 | AA110: EC | AB110: =AD100*AE101+AD113*AE114 -> 5045.982 | AJ110: Alive | AM110: EV | AN110: =IF(AV109>AS116,AV109,AS116) -> 4.7154576
AE111: ANG Cost | AJ111: =p_AliveGivenMVDANG -> 0.999
C112: Optimal Strategy | E112: =IF(O77>O151,K77,K151) -> Test | AD112: MVD | AE112: =cost_ANG -> 668 | AG112: EV | AH112: =AJ111*AN110+AJ124*AP124 -> 4.7107422 | AM112: EC | AN112: =IF(AQ118>AS109,AQ118,AS109) -> 4366.7577 | AY112: Success
C113: Expected QALY | E113: =IF(O77>O151,O77,O151) -> 5.6607099 | AD113: =p_MVDgivenS -> 0.9 | AM113: Optimal | AN113: =IF(AS116>AV109,AP116,AP108) -> CABG | AY113: =p_CABGsucessMVD -> 0.7 | BA113: Cost | BB113: ='Costs & QALY'!G83 -> 889.87677 | BD113: QALY | BE113: ='Costs & QALY'!J29 -> 5.6021647
C114: Expected cost | E114: =IF(O79>O153,O79,O153) -> 4854.5937 | AD114: EC+ANG | AE114: =AH114+AE112 -> 5030.3909 | AG114: EC | AH114: =AJ111*AN112+AJ124*AM124 -> 4362.3909 | AM114: NMB | AN114: =(AN110*base_threshold)-AN112 -> 137096.97 | AU114: Alive | AV114: EV | AW114: =AY113*BE113+AY117*BE117 -> 5.1254974
C115: Value of test | E115: =O77-O151 -> 0.58536653 | AQ115: CABG Cost | AU115: =p_AliveGiivenMVDCABG -> 0.92
C116: NMB | E116: =(E113*base_threshold)-E114 -> 164966.7 | AP116: CABG | AQ116: =cost_CABG -> 3527 | AR116: EV | AS116: =AU115*AW114+AU119*BA119 -> 4.7154576 | AV116: EC | AW116: =AY113*BB113+AY117*BB117 -> 912.7801 | AY116: Fail
AP117: 1 | AY117: =p_CABGfailMVD -> 0.3 | BA117: Cost | BB117: ='Costs & QALY'!G97 -> 966.22121 | BD117: QALY | BE117: ='Costs & QALY'!J39 -> 4.0132737
AP118: EC+CABG | AQ118: =AQ116+AS118 -> 4366.7577 | AR118: EC | AS118: =AU115*AW116+AU119*AX119 -> 839.75769 | AU118: Dead
AU119: =p_DeathGivenMVDCABG -> 0.08 | AW119: Cost | AX119: 0 | AZ119: QALY | BA119: 0
AJ123: Dead
AJ124: =p_DeathGivenMVDANG -> 0.001 | AL124: Cost | AM124: 0 | AO124: QALY | AP124: 0
AJ129: MM | AL129: Cost | AM129: ='Costs & QALY'!C130 -> 2464.7259 | AO129: QALY | AP129: ='Costs & QALY'!O63 -> 11.401127
AE130: ANG Cost | AJ130: 1
AD131: Alive | AE131: =cost_ANG -> 668 | AG131: EV | AH131: =IF(AP133>AP129,AP133,AP129) -> 11.401127
AD132: =Inputs!B54 -> 0.9998
X133: Test -ve | AA133: EV | AB133: =AD132*AH131+AD136*AJ136 -> 11.398847 | AD133: EC+ANG | AE133: =AH133+AE131 -> 3132.7259 | AG133: EC | AH133: =IF(AM133>AM129,AM133,AM129) -> 2464.7259 | AJ133: No Treat | AL133: Cost | AM133: 0 | AO133: QALY | AP133: ='Costs & QALY'!O63 -> 11.401127
X134: =p_TestNegativeANG -> 0.1 | AG134: Optimal | AH134: =IF(AP129>AP133,AJ129,AJ133) -> No Treat | AJ134: 1
AA135: EC | AB135: =AD132*AE133+AD136*AG136 -> 3132.0994 | AD135: Dead | AG135: NMB | AH135: =(AH131*base_threshold)-AH133 -> 339569.08
AD136: =Inputs!B48 -> 0.0002 | AF136: Cost | AG136: 0 | AI136: QALY | AJ136: 0
AD141: P[SVD|S] | AF141: Cost | AG141: ='Costs & QALY'!C111 -> 1779.7535 | AI141: QALY | AJ141: ='Costs & QALY'!D44 -> 7.6053225
AD142: =p_sVDgivenS -> 0.1
X143: P[S] | AA143: EV | AB143: =AD142*AJ141+AD146*AJ145 -> 4.3724786
X144: =p_sick -> 0.9
Q145: MM | U145: EV | V145: =X144*AB143+X148*AD148 -> 5.0753434 | AA145: EC | AB145: =AD142*AG141+AD146*AG145 -> 1047.5744 | AD145: P[MVD|D] | AF145: Cost | AG145: ='Costs & QALY'!G111 -> 966.22121 | AI145: QALY | AJ145: ='Costs & QALY'!J39 -> 4.0132737
Q146: 1 | AD146: =p_MVDgivenS -> 0.9
...

Sheet ICER Interpretation
B2: Strategy | C2: QALYs | D2: Cost
B3: No Treatment | C3: ='The Decision Tree'!V157 -> 2.6024556 | D3: ='The Decision Tree'!V159 -> 0
B4: Medical Management | C4: ='The Decision Tree'!V145 -> 5.0753434 | D4: ='The Decision Tree'!V147 -> 1189.2896
B5: Exercise Stress Test | C5: ='The Decision Tree'!V44 -> 5.573076 | D5: ='The Decision Tree'!R46 -> 4307.7464
B6: Angiography | C6: ='The Decision Tree'!V108 -> 5.6607099 | D6: ='The Decision Tree'!V110 -> 4854.5937
B9: ICER CALCULATION | F9: Base cost-effectiveness threshold
B10: MM vs No treatment | C10: =(D4-D3)/(C4-C3) -> 480.93148 | F10: 30000
B11: EST vs MM | C11: =(D5-D4)/(C5-C4) -> 6265.3262
B12: ANG vs EST | C12: =(D6-D5)/(C6-C5) -> 6240.1298 | F12: NMB @ threshold | G12: 30000
F13: No Treatment | G13: =(C3*F10)-D3 -> 78073.668
F14: Medical Management | G14: =(C4*base_threshold)-D4 -> 151071.01
B15: NMB @ threshold | C15: 25000 | F15: Exercise Stress Test | G15: =(C5*base_threshold)-D5 -> 162884.53
B16: No Treatment | C16: =(C3*$C$15)-D3 -> 65061.39 | F16: Angiography | G16: =(C6*base_threshold)-D6 -> 164966.7 | H16: Optimal | I16: =F16 -> Angiography
B17: Medical Management | C17: =(C4*$C$15)-D4 -> 125694.3
B18: Exercise Stress Test | C18: =(C5*$C$15)-D5 -> 135019.15
B19: Angiography | C19: =(C6*$C$15)-D6 -> 136663.15 | D19: Optimal | E19: =B19 -> Angiography
B22: NMB @ threshold | C22: 35000
B23: No Treatment | C23: =(C3*$C$22)-D3 -> 91085.946
B24: Medical Management | C24: =(C4*$C$22)-D4 -> 176447.73
B25: Exercise Stress Test | C25: =(C5*$C$22)-D5 -> 190749.91
B26: Angiography | C26: =(C6*$C$22)-D6 -> 193270.25 | D26: Optimal | E26: =B26 -> Angiography
B29: NMB @ threshold | C29: 10000
B30: No Treatment | C30: =(C3*$C$29)-D3 -> 26024.556
B31: Medical Management | C31: =(C4*$C$29)-D4 -> 49564.145
B32: Exercise Stress Test | C32: =(C5*$C$29)-D5 -> 51423.013
B33: Angiography | C33: =(C6*$C$29)-D6 -> 51752.506 | D33: Optimal | E33: =IF(C33>C32,B33,B32) -> Angiography
B36: NMB @ threshold | C36: 5000
B37: No Treatment | C37: =(C3*$C$36)-D4 -> 11822.988
B38: Medical Management | C38: =(C4*$C$36)-D5 -> 21068.971
B39: Exercise Stress Test | C39: =(C5*$C$36)-D6 -> 23010.786
B40: Angiography | C40: =(C6*$C$36)-D7 -> 28303.55 | D40: Optimal | E40: =IF(C40>C39,B40,B39) -> Angiography
B43: NMB @ threshold | C43: 15000
B44: No Treatment | C44: =(C3*$C$43)-D3 -> 39036.834
B45: Medical Management | C45: =(C4*$C$43)-D4 -> 74940.862
B46: Exercise Stress Test | C46: =(C5*$C$43)-D5 -> 79288.393
B47: Angiography | C47: =(C6*$C$43)-D6 -> 80056.055 | D47: Optimal | E47: =IF(C47>C46,B47,B46) -> Angiography
B50: NMB @ threshold | C50: 20000
B51: No Treatment | C51: =(C3*$C$50)-D3 -> 52049.112
B52: Medical Management | C52: =(C4*$C$50)-D4 -> 100317.58
B53: Exercise Stress Test | C53: =(C5*$C$50)-D5 -> 107153.77
B54: Angiography | C54: =(C6*$C$50)-D6 -> 108359.61 | D54: Optimal | E54: =IF(C54>C53,B54,B53) -> Angiography

Sheet 1-Way Sensitivity
C2: BASE CASE (£5,000 THRESHOLD) | I2: BASE CASE (£10,000 THRESHOLD) | O2: BASE CASE (£15,000 THRESHOLD) | U2: BASE CASE (£20,000 THRESHOLD) | AA2: BASE CASE (£25,000 THRESHOLD) | AG2: BASE CASE (£30,000 THRESHOLD) | AM2: BASE CASE (£35,000 THRESHOLD) | AS2: PERFECT INFORMATION (£10,000 THRESHOLD) | AY2: PERFECT INFORMATION (£20,000 THRESHOLD) | BF2: PERFECT INFORMATION (£30,000 THRESHOLD) | BM2: MVD-SVD BASE CASE (£10,000 THRESHOLD) | BS2: MVD-SVD BASE CASE (£20,000 THRESHOLD) | BY2: MVD-SVD BASE CASE (£30,000 THRESHOLD) | CE2: ANG SVD RISK BASE CASE (£10,000 THRESHOLD) | CK2: ANG SVD RISK BASE CASE (£20,000 THRESHOLD) | CQ2: ANG SVD-RISK BASE CASE (£30,000 THRESHOLD) | CW2: ANG MVD-RISK BASE CASE (£10,000 THRESHOLD) | DC2: ANG MVD-RISK BASE CASE (£20,000 THRESHOLD) | DI2: ANG MVD-RISK BASE CASE (£30,000 THRESHOLD) | DO2: ANG HEALTHY-RISK BASE CASE (£10,000 THRESHOLD) | DU2: ANG HEALTHY-RISK BASE CASE (£20,000 THRESHOLD) | EA2: ANG HEALTHY-RISK BASE CASE (£30,000 THRESHOLD) | EG2: CABG SVD-RISK BASE CASE (£10,000 THRESHOLD) | EM2: CABG SVD-RISK BASE CASE (£20,000 THRESHOLD) | ES2: CABG SVD-RISK BASE CASE (£30,000 THRESHOLD) | EY2: CABG MVD-RISK BASE CASE (£20,000 THRESHOLD) | FE2: CABG MVD-RISK BASE CASE (£10,000 THRESHOLD) | FK2: CABG MVD-RISK BASE CASE (£30,000 THRESHOLD) | FQ2: CABG SVD-SUCCESS BASE CASE (£10,000 THRESHOLD) | FW2: CABG SVD-SUCCESS BASE CASE (£20,000 THRESHOLD) | GC2: CABG SVD-SUCCESS BASE CASE (£30,000 THRESHOLD) | GI2: CABG MVD-SUCCESS BASE CASE (£10,000 THRESHOLD) | GO2: CABG MVD-SUCCESS BASE CASE (£20,000 THRESHOLD) | GU2: CABG MVD-SUCCESS BASE CASE (£30,000 THRESHOLD) | HA2: COST-EFFECTIVENESS THRESHOLD (P(s) = 0.9) | HG2: HEALTH DISCOUNT RATE BASE-CASE (£10,000 THR) | HM2: HEALTH DISCOUNT RATE BASE-CASE (£20,000 THR) | HS2: HEALTH DISCOUNT RATE BASE-CASE (£30,000 THR) | HY2: COST DISCOUNT RATE BASE-CASE (£10,000 THR) | IE2: COST DISCOUNT RATE BASE-CASE (£20,000 THR) | IK2: COST DISCOUNT RATE BASE-CASE (£30,000 THR)
D3: No Treat | E3: MM | F3: EST | G3: ANG | J3: No Treat | K3: MM | L3: EST | M3: ANG | P3: No Treat | Q3: MM | R3: EST | S3: ANG | V3: No Treat | W3: MM | X3: EST | Y3: ANG | AB3: No Treat | AC3: MM | AD3: EST | AE3: ANG | AH3: No Treat | AI3: MM | AJ3: EST | AK3: ANG | AN3: No Treat | AO3: MM | AP3: EST | AQ3: ANG | AS3: P(S) | AT3: No Treat | AU3: MM | AV3: Perfect EST | AW3: ANG | AY3: P(S) | AZ3: No Treat | BA3: MM | BB3: Base EST | BC3: Perfect EST | BD3: ANG | BF3: P(S) | BG3: No Treat | BH3: MM | BI3: Base EST | BJ3: Perfect EST | BK3: ANG | BM3: P(MVD) | BN3: EST | BO3: ANG | BP3: MM | BQ3: No Treat | BS3: P(MVD) | BT3: EST | BU3: ANG | BV3: MM | BW3: No Treat | BY3: P(MVD) | BZ3: EST | CA3: ANG | CB3: MM | CC3: No Treat | CE3: P(SVD Death) | CF3: EST | CG3: ANG | CH3: MM | CI3: No Treat | CK3: P(SVD Death) | CL3: EST | CM3: ANG | CN3: MM | CO3: No Treat | CQ3: P(SVD Death) | CR3: EST | CS3: ANG | CT3: MM | CU3: No Treat | CW3: P(MVD Death) | CX3: EST | CY3: ANG | CZ3: MM | DA3: No Treat | DC3: P(MVD Death) | DD3: EST | DE3: ANG | DF3: MM | DG3: No Treat | DI3: P(MVD Death) | DJ3: EST | DK3: ANG | DL3: MM | DM3: No Treat | DO3: P(H Death) | DP3: EST | DQ3: ANG | DR3: MM | DS3: No Treat | DU3: P(H Death) | DV3: EST | DW3: ANG | DX3: MM | DY3: No Treat | EA3: P(H Death) | EB3: EST | EC3: ANG | ED3: MM | EE3: No Treat | EG3: P(SVD ANG Death) | EH3: EST | EI3: ANG | EJ3: MM | EK3: No Treat | EM3: P(SVD ANG Death) | EN3: EST | EO3: ANG | EP3: MM | EQ3: No Treat | ES3: P(SVD ANG Death) | ET3: EST | EU3: ANG | EV3: MM | EW3: No Treat | EY3: P(MVD ANG Death) | EZ3: EST | FA3: ANG | FB3: MM | FC3: No Treat | FE3: P(MVD ANG Death) | FF3: EST | FG3: ANG | FH3: MM | FI3: No Treat | FK3: P(MVD ANG Death) | FL3: EST | FM3: ANG | FN3: MM | FO3: No Treat | FQ3: P(SVD SUCCESS) | FR3: EST | FS3: ANG | FT3: MM | FU3: No Treat | FW3: P(SVD SUCCESS) | FX3: EST | FY3: ANG | FZ3: MM | GA3: No Treat | GC3: P(SVD SUCCESS) | GD3: EST | GE3: ANG | GF3: MM | GG3: No Treat | GI3: P(MVD SUCCESS) | GJ3: EST | GK3: ANG | GL3: MM | GM3: No Treat | GO3: P(MVD SUCCESS) | GP3: EST | GQ3: ANG | GR3: MM | GS3: No Treat | GU3: P(MVD SUCCESS) | GV3: EST | GW3: ANG | GX3: MM | GY3: No Treat | HA3: CER | HB3: EST | HC3: ANG | HD3: MM | HE3: No Treat | HG3: Disc Rate | HH3: EST | HI3: ANG | HJ3: MM | HK3: No Treat | HM3: Disc Rate | HN3: EST | HO3: ANG | HP3: MM | HQ3: No Treat | HS3: Disc Rate | HT3: EST | HU3: ANG | HV3: MM | HW3: No Treat | HY3: Disc Rate | HZ3: EST | IA3: ANG | IB3: MM | IC3: No Treat | IE3: Disc Rate | IF3: EST | IG3: ANG | IH3: MM | II3: No Treat | IK3: Disc Rate | IL3: EST | IM3: ANG | IN3: MM | IO3: No Treat
C4: P(S) | D4: ='ICER Interpretation'!C37 -> 11822.988 | E4: ='ICER Interpretation'!C38 -> 21068.971 | F4: ='ICER Interpretation'!C39 -> 23010.786 | G4: ='ICER Interpretation'!C40 -> 28303.55 | I4: P(S) | J4: ='ICER Interpretation'!C30 -> 26024.556 | K4: ='ICER Interpretation'!C31 -> 49564.145 | L4: ='ICER Interpretation'!C32 -> 51423.013 | M4: ='ICER Interpretation'!C33 -> 51752.506 | O4: P(S) | P4: ='ICER Interpretation'!C44 -> 39036.834 | Q4: ='ICER Interpretation'!C45 -> 74940.862 | R4: ='ICER Interpretation'!C46 -> 79288.393 | S4: ='ICER Interpretation'!C47 -> 80056.055 | U4: P(S) | V4: ='ICER Interpretation'!C51 -> 52049.112 | W4: ='ICER Interpretation'!C52 -> 100317.58 | X4: ='ICER Interpretation'!C53 -> 107153.77 | Y4: ='ICER Interpretation'!C54 -> 108359.61 | AA4: P(S) | AB4: ='ICER Interpretation'!C16 -> 65061.39 | AC4: ='ICER Interpretation'!C17 -> 125694.3 | AD4: ='ICER Interpretation'!C18 -> 135019.15 | AE4: ='ICER Interpretation'!C19 -> 136663.15 | AG4: P(S) | AH4: ='ICER Interpretation'!G13 -> 78073.668 | AI4: ='ICER Interpretation'!G14 -> 151071.01 | AJ4: ='ICER Interpretation'!G15 -> 162884.53 | AK4: ='ICER Interpretation'!G16 -> 164966.7 | AM4: P(S) | AN4: ='ICER Interpretation'!C23 -> 91085.946 | AO4: ='ICER Interpretation'!C24 -> 176447.73 | AP4: ='ICER Interpretation'!C25 -> 190749.91 | AQ4: ='ICER Interpretation'!C26 -> 193270.25 | AS4: 0 | AT4: 114011.3 | AU4: 114011.3 | AV4: 113958.3 | AW4: 113320.5 | AY4: 0 | AZ4: 228022.6 | BA4: 228022.6 | BB4: 227898.24 | BC4: 227969.6 | BD4: 227309 | BF4: 0 | BG4: 342033.9 | BH4: 342033.9 | BI4: 341907.26 | BJ4: 341980.9 | BK4: 341297.49 | BM4: 0 | BN4: 77336.167 | BO4: 77176.788 | BP4: 78247.251 | BQ4: 49922.754 | BS4: 0 | BT4: 158939.8 | BU4: 159088.05 | BV4: 158096.28 | BW4: 99845.508 | BY4: 0 | BZ4: 240543.44 | CA4: 240999.31 | CB4: 237945.31 | CC4: 149768.26 | CE4: 0 | CF4: 51671.176 | CG4: 52000.91 | CH4: 49810.617 | CI4: 26024.556 | CK4: 0 | CL4: 107403.73 | CM4: 108610.13 | CN4: 100564.05 | CO4: 52049.112 | CQ4: 0 | CR4: 163136.29 | CS4: 165219.34 | CT4: 151317.49 | CU4: 78073.668 | CW4: 0 | CX4: 51698.94 | CY4: 52033.574 | CZ4: 49810.617 | DA4: 26024.556 | DC4: 0 | DD4: 107462.17 | DE4: 108678.87 | DF4: 100564.05 | DG4: 52049.112 | DI4: 0 | DJ4: 163225.39 | DK4: 165324.16 | DL4: 151317.49 | DM4: 78073.668 | DO4: 0 | DP4: 51669.709 | DQ4: 52001.196 | DR4: 49810.617 | DS4: 26024.556 | DU4: 0 | DV4: 107400.7 | DW4: 108610.58 | DX4: 100564.05 | DY4: 52049.112 | EA4: 0 | EB4: 163131.68 | EC4: 165219.96 | ED4: 151317.49 | EE4: 78073.668 | EG4: 0 | EH4: 51852.501 | EI4: 52214.233 | EJ4: 49810.617 | EK4: 26024.556 | EM4: 0 | EN4: 107768.63 | EO4: 109039.41 | EP4: 100564.05 | EQ4: 52049.112 | ES4: 0 | ET4: 163684.76 | EU4: 165864.59 | EV4: 151317.49 | EW4: 78073.668 | EY4: 0 | EZ4: 112990.62 | FA4: 115182.93 | FB4: 100564.05 | FC4: 52049.112 | FE4: 0 | FF4: 54439.556 | FG4: 55257.828 | FH4: 49810.617 | FI4: 26024.556 | FK4: 0 | FL4: 171541.68 | FM4: 175108.03 | FN4: 151317.49 | FO4: 78073.668 | FQ4: 0 | FR4: 51701.792 | FS4: 52036.929 | FT4: 49810.617 | FU4: 26024.556 | FW4: 0 | FX4: 107255.32 | FY4: 108435.52 | FZ4: 100564.05 | GA4: 52049.112 | GC4: 0 | GD4: 162808.85 | GE4: 164834.12 | GF4: 151317.49 | GG4: 78073.668 | GI4: 0 | GJ4: 51669.481 | GK4: 49068.594 | GL4: 49810.617 | GM4: 26024.556 | GO4: 0 | GP4: 107400.24 | GQ4: 99993.691 | GR4: 100564.05 | GS4: 52049.112 | GU4: 0 | GV4: 163131 | GW4: 150918.79 | GX4: 151317.49 | GY4: 78073.668 | HA4: 5000 | HB4: 23804.101 | HC4: 23695.366 | HD4: 24433.9 | HE4: 13012.278 | HG4: 0 | HH4: 60598.988 | HI4: 61079.254 | HJ4: 57881.983 | HK4: 30581 | HM4: 0 | HN4: 125259.25 | HO4: 126766.69 | HP4: 116706.78 | HQ4: 61162 | HS4: 0 | HT4: 189919.52 | HU4: 192454.13 | HV4: 175531.58 | HW4: 91743 | HY4: 0 | HZ4: 51537.156 | IA4: 51863.795 | IB4: 49694.134 | IC4: 26024.556 | IE4: 0 | IF4: 107267.92 | IG4: 108470.89 | IH4: 100447.57 | II4: 52049.112 | IK4: 0 | IL4: 162998.68 | IM4: 165077.99 | IN4: 151201 | IO4: 78073.668
C5: 0 | D5: 11822.988 | E5: 21068.971 | F5: 23010.786 | G5: 28303.55 | I5: 0 | J5: 26024.556 | K5: 49564.145 | L5: 51423.013 | M5: 51752.506 | O5: 0 | P5: 39036.834 | Q5: 74940.862 | R5: 79288.393 | S5: 80056.055 | U5: 0 | V5: 52049.112 | W5: 100317.58 | X5: 107153.77 | Y5: 108359.61 | AA5: 0 | AB5: 65061.39 | AC5: 125694.3 | AD5: 135019.15 | AE5: 136663.15 | AG5: 0 | AH5: 78073.668 | AI5: 151071.01 | AJ5: 162884.53 | AK5: 164966.7 | AM5: 0 | AN5: 91085.946 | AO5: 176447.73 | AP5: 190749.91 | AQ5: 193270.25 | AS5: 0.02 | AT5: 112056.05 | AU5: 112584.62 | AV5: 112581.78 | AW5: 111957.8 | AY5: 0.02 | AZ5: 224112.1 | BA5: 225190.19 | BB5: 225220.51 | BC5: 225317.48 | BD5: 224671.15 | BF5: 0.02 | BG5: 336168.15 | BH5: 337795.76 | BI5: 337934.45 | BJ5: 338053.19 | BK5: 337384.51 | BM5: 0.02 | BN5: 76765.797 | BO5: 76617.279 | BP5: 77615.326 | BQ5: 49391.683 | BS5: 0.02 | BT5: 157794.48 | BU5: 157966.22 | BV5: 156817.79 | BW5: 98783.366 | BY5: 0.02 | BZ5: 238823.16 | CA5: 239315.17 | CB5: 236020.25 | CC5: 148175.05 | CE5: 0.05 | CF5: 51388.696 | CG5: 51668.58 | CH5: 49810.617 | CI5: 26024.556 | CK5: 0.05 | CL5: 106821.49 | CM5: 107925.13 | CN5: 100564.05 | CO5: 52049.112 | CQ5: 0.05 | CR5: 162254.28 | CS5: 164181.68 | CT5: 151317.49 | CU5: 78073.668 | CW5: 0.05 | CX5: 50225.97 | CY5: 50300.667 | CZ5: 49810.617 | DA5: 26024.556 | DC5: 0.05 | DD5: 104365.9 | DE5: 105036.2 | DF5: 100564.05 | DG5: 52049.112 | DI5: 0.05 | DJ5: 158505.83 | DK5: 159771.74 | DL5: 151317.49 | DM5: 78073.668 | DO5: 0.05 | DP5: 51612.703 | DQ5: 51431.14 | DR5: 49810.617 | DS5: 26024.556 | DU5: 0.05 | DV5: 107286.69 | DW5: 107470.46 | DX5: 100564.05 | DY5: 52049.112 | EA5: 0.05 | EB5: 162960.67 | EC5: 163509.79 | ED5: 151317.49 | EE5: 78073.668 | EG5: 0.05 | EH5: 51547.468 | EI5: 51855.371 | EJ5: 49810.617 | EK5: 26024.556 | EM5: 0.05 | EN5: 107154.65 | EO5: 108317.08 | EP5: 100564.05 | EQ5: 52049.112 | ES5: 0.05 | ET5: 162761.83 | EU5: 164778.8 | EV5: 151317.49 | EW5: 78073.668 | EY5: 0.05 | EZ5: 109496.63 | FA5: 111072.36 | FB5: 100564.05 | FC5: 52049.112 | FE5: 0.05 | FF5: 52708.259 | FG5: 53221.008 | FH5: 49810.617 | FI5: 26024.556 | FK5: 0.05 | FL5: 166285 | FM5: 168923.71 | FN5: 151317.49 | FO5: 78073.668 | FQ5: 0.05 | FR5: 51701.792 | FS5: 52036.929 | FT5: 49810.617 | FU5: 26024.556 | FW5: 0.05 | FX5: 107255.32 | FY5: 108435.52 | FZ5: 100564.05 | GA5: 52049.112 | GC5: 0.05 | GD5: 162808.85 | GE5: 164834.12 | GF5: 151317.49 | GG5: 78073.668 | GI5: 0.05 | GJ5: 51669.481 | GK5: 49068.594 | GL5: 49810.617 | GM5: 26024.556 | GO5: 0.05 | GP5: 107400.24 | GQ5: 99993.691 | GR5: 100564.05 | GS5: 52049.112 | GU5: 0.05 | GV5: 163131 | GW5: 150918.79 | GX5: 151317.49 | GY5: 78073.668 | HA5: 10000 | HB5: 51669.481 | HC5: 51998.916 | HD5: 49810.617 | HE5: 26024.556 | HG5: 0.01 | HH5: 57815.865 | HI5: 58252.16 | HJ5: 55349.149 | HK5: 29124.47 | HM5: 0.01 | HN5: 119693.01 | HO5: 121112.5 | HP5: 111641.11 | HQ5: 58248.94 | HS5: 0.01 | HT5: 181570.15 | HU5: 183972.85 | HV5: 167933.08 | HW5: 87373.41 | HY5: 0.01 | HZ5: 51578.332 | IA5: 51905.957 | IB5: 49729.723 | IC5: 26024.556 | IE5: 0.01 | IF5: 107309.09 | IG5: 108513.06 | IH5: 100483.16 | II5: 52049.112 | IK5: 0.01 | IL5: 163039.85 | IM5: 165120.16 | IN5: 151236.59 | IO5: 78073.668
C6: 0.02 | D6: 11822.988 | E6: 21068.971 | F6: 23010.786 | G6: 28303.55 | I6: 0.02 | J6: 26024.556 | K6: 49564.145 | L6: 51423.013 | M6: 51752.506 | O6: 0.02 | P6: 39036.834 | Q6: 74940.862 | R6: 79288.393 | S6: 80056.055 | U6: 0.02 | V6: 52049.112 | W6: 100317.58 | X6: 107153.77 | Y6: 108359.61 | AA6: 0.02 | AB6: 65061.39 | AC6: 125694.3 | AD6: 135019.15 | AE6: 136663.15 | AG6: 0.02 | AH6: 78073.668 | AI6: 151071.01 | AJ6: 162884.53 | AK6: 164966.7 | AM6: 0.02 | AN6: 91085.946 | AO6: 176447.73 | AP6: 190749.91 | AQ6: 193270.25 | AS6: 0.04 | AT6: 110100.8 | AU6: 111157.94 | AV6: 111205.26 | AW6: 110595.09 | AY6: 0.04 | AZ6: 220201.6 | BA6: 222357.78 | BB6: 222542.77 | BC6: 222665.37 | BD6: 222033.31 | BF6: 0.04 | BG6: 330302.39 | BH6: 333557.62 | BI6: 333961.65 | BJ6: 334125.47 | BK6: 333471.52 | BM6: 0.04 | BN6: 76195.426 | BO6: 76057.771 | BP6: 76983.401 | BQ6: 48860.612 | BS6: 0.04 | BT6: 156649.15 | BU6: 156844.4 | BV6: 155539.29 | BW6: 97721.224 | BY6: 0.04 | BZ6: 237102.88 | CA6: 237631.03 | CB6: 234095.19 | CC6: 146581.84 | CE6: 0.1 | CF6: 51106.216 | CG6: 51336.251 | CH6: 49810.617 | CI6: 26024.556 | CK6: 0.1 | CL6: 106239.24 | CM6: 107240.13 | CN6: 100564.05 | CO6: 52049.112 | CQ6: 0.1 | CR6: 161372.26 | CS6: 163144.01 | CT6: 151317.49 | CU6: 78073.668 | CW6: 0.1 | CX6: 48752.999 | CY6: 48567.761 | CZ6: 49810.617 | DA6: 26024.556 | DC6: 0.1 | DD6: 101269.63 | DE6: 101393.53 | DF6: 100564.05 | DG6: 52049.112 | DI6: 0.1 | DJ6: 153786.27 | DK6: 154219.31 | DL6: 151317.49 | DM6: 78073.668 | DO6: 0.1 | DP6: 51555.698 | DQ6: 50861.083 | DR6: 49810.617 | DS6: 26024.556 | DU6: 0.1 | DV6: 107172.67 | DW6: 106330.35 | DX6: 100564.05 | DY6: 52049.112 | EA6: 0.1 | EB6: 162789.65 | EC6: 161799.62 | ED6: 151317.49 | EE6: 78073.668 | EG6: 0.1 | EH6: 51701.792 | EI6: 52036.929 | EJ6: 49810.617 | EK6: 26024.556 | EM6: 0.1 | EN6: 107255.32 | EO6: 108435.52 | EP6: 100564.05 | EQ6: 52049.112 | ES6: 0.1 | ET6: 162808.85 | EU6: 164834.12 | EV6: 151317.49 | EW6: 78073.668 | EY6: 0.1 | EZ6: 106002.65 | FA6: 106961.79 | FB6: 100564.05 | FC6: 52049.112 | FE6: 0.1 | FF6: 50976.962 | FG6: 51184.188 | FH6: 49810.617 | FI6: 26024.556 | FK6: 0.1 | FL6: 161028.33 | FM6: 162739.39 | FN6: 151317.49 | FO6: 78073.668 | FQ6: 0.1 | FR6: 51701.792 | FS6: 52036.929 | FT6: 49810.617 | FU6: 26024.556 | FW6: 0.1 | FX6: 107255.32 | FY6: 108435.52 | FZ6: 100564.05 | GA6: 52049.112 | GC6: 0.1 | GD6: 162808.85 | GE6: 164834.12 | GF6: 151317.49 | GG6: 78073.668 | GI6: 0.1 | GJ6: 51669.481 | GK6: 49068.594 | GL6: 49810.617 | GM6: 26024.556 | GO6: 0.1 | GP6: 107400.24 | GQ6: 99993.691 | GR6: 100564.05 | GS6: 52049.112 | GU6: 0.1 | GV6: 163131 | GW6: 150918.79 | GX6: 151317.49 | GY6: 78073.668 | HA6: 15000 | HB6: 79534.861 | HC6: 80302.465 | HD6: 75187.334 | HE6: 39036.834 | HG6: 0.02 | HH6: 55227.202 | HI6: 55620.115 | HJ6: 53007.318 | HK6: 27799.199 | HM6: 0.02 | HN6: 114515.68 | HO6: 115848.41 | HP6: 106957.45 | HQ6: 55598.397 | HS6: 0.02 | HT6: 173804.16 | HU6: 176076.71 | HV6: 160907.59 | HW6: 83397.596 | HY6: 0.02 | HZ6: 51616.694 | IA6: 51945.146 | IB6: 49763.399 | IC6: 26024.556 | IE6: 0.02 | IF6: 107347.45 | IG6: 108552.25 | IH6: 100516.83 | II6: 52049.112 | IK6: 0.02 | IL6: 163078.21 | IM6: 165159.35 | IN6: 151270.27 | IO6: 78073.668
C7: 0.04 | D7: 11822.988 | E7: 21068.971 | F7: 23010.786 | G7: 28303.55 | I7: 0.04 | J7: 26024.556 | K7: 49564.145 | L7: 51423.013 | M7: 51752.506 | O7: 0.04 | P7: 39036.834 | Q7: 74940.862 | R7: 79288.393 | S7: 80056.055 | U7: 0.04 | V7: 52049.112 | W7: 100317.58 | X7: 107153.77 | Y7: 108359.61 | AA7: 0.04 | AB7: 65061.39 | AC7: 125694.3 | AD7: 135019.15 | AE7: 136663.15 | AG7: 0.04 | AH7: 78073.668 | AI7: 151071.01 | AJ7: 162884.53 | AK7: 164966.7 | AM7: 0.04 | AN7: 91085.946 | AO7: 176447.73 | AP7: 190749.91 | AQ7: 193270.25 | AS7: 0.06 | AT7: 108145.55 | AU7: 109731.25 | AV7: 109828.75 | AW7: 109232.39 | AY7: 0.06 | AZ7: 216291.09 | BA7: 219525.36 | BB7: 219865.04 | BC7: 220013.25 | BD7: 219395.46 | BF7: 0.06 | BG7: 324436.64 | BH7: 329319.47 | BI7: 329988.84 | BJ7: 330197.76 | BK7: 329558.54 | BM7: 0.06 | BN7: 75625.055 | BO7: 75498.263 | BP7: 76351.476 | BQ7: 48329.541 | BS7: 0.06 | BT7: 155503.83 | BU7: 155722.58 | BV7: 154260.8 | BW7: 96659.082 | BY7: 0.06 | BZ7: 235382.61 | CA7: 235946.89 | CB7: 232170.12 | CC7: 144988.62 | CE7: 0.15 | CF7: 50823.736 | CG7: 51003.921 | CH7: 49810.617 | CI7: 26024.556 | CK7: 0.15 | CL7: 105656.99 | CM7: 106555.13 | CN7: 100564.05 | CO7: 52049.112 | CQ7: 0.15 | CR7: 160490.25 | CS7: 162106.35 | CT7: 151317.49 | CU7: 78073.668 | CW7: 0.15 | CX7: 47280.029 | CY7: 46834.854 | CZ7: 49810.617 | DA7: 26024.556 | DC7: 0.15 | DD7: 98173.365 | DE7: 97750.868 | DF7: 100564.05 | DG7: 52049.112 | DI7: 0.15 | DJ7: 149066.7 | DK7: 148666.88 | DL7: 151317.49 | DM7: 78073.668 | DO7: 0.15 | DP7: 51498.692 | DQ7: 50291.027 | DR7: 49810.617 | DS7: 26024.556 | DU7: 0.15 | DV7: 107058.66 | DW7: 105190.24 | DX7: 100564.05 | DY7: 52049.112 | EA7: 0.15 | EB7: 162618.63 | EC7: 160089.45 | ED7: 151317.49 | EE7: 78073.668 | EG7: 0.15 | EH7: 51701.792 | EI7: 52036.929 | EJ7: 49810.617 | EK7: 26024.556 | EM7: 0.15 | EN7: 107255.32 | EO7: 108435.52 | EP7: 100564.05 | EQ7: 52049.112 | ES7: 0.15 | ET7: 162808.85 | EU7: 164834.12 | EV7: 151317.49 | EW7: 78073.668 | EY7: 0.15 | EZ7: 102508.66 | FA7: 102851.22 | FB7: 100564.05 | FC7: 52049.112 | FE7: 0.15 | FF7: 49245.665 | FG7: 49147.368 | FH7: 49810.617 | FI7: 26024.556 | FK7: 0.15 | FL7: 155771.66 | FM7: 156555.06 | FN7: 151317.49 | FO7: 78073.668 | FQ7: 0.15 | FR7: 51701.792 | FS7: 52036.929 | FT7: 49810.617 | FU7: 26024.556 | FW7: 0.15 | FX7: 107255.32 | FY7: 108435.52 | FZ7: 100564.05 | GA7: 52049.112 | GC7: 0.15 | GD7: 162808.85 | GE7: 164834.12 | GF7: 151317.49 | GG7: 78073.668 | GI7: 0.15 | GJ7: 51669.481 | GK7: 49068.594 | GL7: 49810.617 | GM7: 26024.556 | GO7: 0.15 | GP7: 107400.24 | GQ7: 99993.691 | GR7: 100564.05 | GS7: 52049.112 | GU7: 0.15 | GV7: 163131 | GW7: 150918.79 | GX7: 151317.49 | GY7: 78073.668 | HA7: 20000 | HB7: 107400.24 | HC7: 108606.02 | HD7: 100564.05 | HE7: 52049.112 | HG7: 0.03 | HH7: 52814.747 | HI7: 53165.098 | HJ7: 50836.946 | HK7: 26589.911 | HM7: 0.03 | HN7: 109690.77 | HO7: 110938.38 | HP7: 102616.71 | HQ7: 53179.823 | HS7: 0.03 | HT7: 166566.8 | HU7: 168711.66 | HV7: 154396.47 | HW7: 79769.734 | HY7: 0.03 | HZ7: 51652.483 | IA7: 51981.622 | IB7: 49795.296 | IC7: 26024.556 | IE7: 0.03 | IF7: 107383.24 | IG7: 108588.72 | IH7: 100548.73 | II7: 52049.112 | IK7: 0.03 | IL7: 163114 | IM7: 165195.82 | IN7: 151302.16 | IO7: 78073.668
C8: 0.06 | D8: 11822.988 | E8: 21068.971 | F8: 23010.786 | G8: 28303.55 | I8: 0.06 | J8: 26024.556 | K8: 49564.145 | L8: 51423.013 | M8: 51752.506 | O8: 0.06 | P8: 39036.834 | Q8: 74940.862 | R8: 79288.393 | S8: 80056.055 | U8: 0.06 | V8: 52049.112 | W8: 100317.58 | X8: 107153.77 | Y8: 108359.61 | AA8: 0.06 | AB8: 65061.39 | AC8: 125694.3 | AD8: 135019.15 | AE8: 136663.15 | AG8: 0.06 | AH8: 78073.668 | AI8: 151071.01 | AJ8: 162884.53 | AK8: 164966.7 | AM8: 0.06 | AN8: 91085.946 | AO8: 176447.73 | AP8: 190749.91 | AQ8: 193270.25 | AS8: 0.08 | AT8: 106190.3 | AU8: 108304.57 | AV8: 108452.23 | AW8: 107869.69 | AY8: 0.08 | AZ8: 212380.59 | BA8: 216692.95 | BB8: 217187.31 | BC8: 217361.14 | BD8: 216757.62 | BF8: 0.08 | BG8: 318570.89 | BH8: 325081.33 | BI8: 326016.04 | BJ8: 326270.04 | BK8: 325645.55 | BM8: 0.08 | BN8: 75054.684 | BO8: 74938.755 | BP8: 75719.551 | BQ8: 47798.47 | BS8: 0.08 | BT8: 154358.51 | BU8: 154600.75 | BV8: 152982.31 | BW8: 95596.939 | BY8: 0.08 | BZ8: 233662.33 | CA8: 234262.76 | CB8: 230245.06 | CC8: 143395.41 | CE8: 0.2 | CF8: 50541.256 | CG8: 50671.592 | CH8: 49810.617 | CI8: 26024.556 | CK8: 0.2 | CL8: 105074.74 | CM8: 105870.14 | CN8: 100564.05 | CO8: 52049.112 | CQ8: 0.2 | CR8: 159608.23 | CS8: 161068.68 | CT8: 151317.49 | CU8: 78073.668 | CW8: 0.2 | CX8: 49757.617 | CY8: 45101.947 | CZ8: 49810.617 | DA8: 26024.556 | DC8: 0.2 | DD8: 100511.05 | DE8: 94108.201 | DF8: 100564.05 | DG8: 52049.112 | DI8: 0.2 | DJ8: 151264.49 | DK8: 143114.45 | DL8: 151317.49 | DM8: 78073.668 | DO8: 0.2 | DP8: 51441.687 | DQ8: 49720.971 | DR8: 49810.617 | DS8: 26024.556 | DU8: 0.2 | DV8: 106944.65 | DW8: 104050.12 | DX8: 100564.05 | DY8: 52049.112 | EA8: 0.2 | EB8: 162447.62 | EC8: 158379.28 | ED8: 151317.49 | EE8: 78073.668 | EG8: 0.2 | EH8: 51701.792 | EI8: 52036.929 | EJ8: 49810.617 | EK8: 26024.556 | EM8: 0.2 | EN8: 107255.32 | EO8: 108435.52 | EP8: 100564.05 | EQ8: 52049.112 | ES8: 0.2 | ET8: 162808.85 | EU8: 164834.12 | EV8: 151317.49 | EW8: 78073.668 | EY8: 0.2 | EZ8: 99014.677 | FA8: 98740.646 | FB8: 100564.05 | FC8: 52049.112 | FE8: 0.2 | FF8: 47514.368 | FG8: 47110.548 | FH8: 49810.617 | FI8: 26024.556 | FK8: 0.2 | FL8: 150514.99 | FM8: 150370.74 | FN8: 151317.49 | FO8: 78073.668 | FQ8: 0.2 | FR8: 51701.792 | FS8: 52036.929 | FT8: 49810.617 | FU8: 26024.556 | FW8: 0.2 | FX8: 107255.32 | FY8: 108435.52 | FZ8: 100564.05 | GA8: 52049.112 | GC8: 0.2 | GD8: 162808.85 | GE8: 164834.12 | GF8: 151317.49 | GG8: 78073.668 | GI8: 0.2 | GJ8: 51669.481 | GK8: 49068.594 | GL8: 49810.617 | GM8: 26024.556 | GO8: 0.2 | GP8: 107400.24 | GQ8: 99993.691 | GR8: 100564.05 | GS8: 52049.112 | GU8: 0.2 | GV8: 163131 | GW8: 150918.79 | GX8: 151317.49 | GY8: 78073.668 | HA8: 25000 | HB8: 135265.62 | HC8: 136909.56 | HD8: 125940.77 | HE8: 65061.39 | HG8: 0.04 | HH8: 50562.366 | HI8: 50871.153 | HJ8: 48820.898 | HK8: 25483.378 | HM8: 0.04 | HN8: 105186.01 | HO8: 106350.49 | HP8: 98584.612 | HQ8: 50966.755 | HS8: 0.04 | HT8: 159809.66 | HU8: 161829.83 | HV8: 148348.33 | HW8: 76450.133 | HY8: 0.04 | HZ8: 51685.916 | IA8: 52015.617 | IB8: 49825.539 | IC8: 26024.556 | IE8: 0.04 | IF8: 107416.68 | IG8: 108622.72 | IH8: 100578.97 | II8: 52049.112 | IK8: 0.04 | IL8: 163147.44 | IM8: 165229.82 | IN8: 151332.41 | IO8: 78073.668
C9: 0.08 | D9: 11822.988 | E9: 21068.971 | F9: 23010.786 | G9: 28303.55 | I9: 0.08 | J9: 26024.556 | K9: 49564.145 | L9: 51423.013 | M9: 51752.506 | O9: 0.08 | P9: 39036.834 | Q9: 74940.862 | R9: 79288.393 | S9: 80056.055 | U9: 0.08 | V9: 52049.112 | W9: 100317.58 | X9: 107153.77 | Y9: 108359.61 | AA9: 0.08 | AB9: 65061.39 | AC9: 125694.3 | AD9: 135019.15 | AE9: 136663.15 | AG9: 0.08 | AH9: 78073.668 | AI9: 151071.01 | AJ9: 162884.53 | AK9: 164966.7 | AM9: 0.08 | AN9: 91085.946 | AO9: 176447.73 | AP9: 190749.91 | AQ9: 193270.25 | AS9: 0.1 | AT9: 104235.04 | AU9: 106877.89 | AV9: 107075.71 | AW9: 106506.99 | AY9: 0.1 | AZ9: 208470.09 | BA9: 213860.54 | BB9: 214509.57 | BC9: 214709.02 | BD9: 214119.78 | BF9: 0.1 | BG9: 312705.13 | BH9: 320843.19 | BI9: 322043.23 | BJ9: 322342.33 | BK9: 321732.56 | BM9: 0.1 | BN9: 74484.313 | BO9: 74379.246 | BP9: 75087.625 | BQ9: 47267.399 | BS9: 0.1 | BT9: 153213.18 | BU9: 153478.93 | BV9: 151703.81 | BW9: 94534.797 | BY9: 0.1 | BZ9: 231942.06 | CA9: 232578.62 | CB9: 228320 | CC9: 141802.2 | CE9: 0.25 | CF9: 50258.776 | CG9: 50339.263 | CH9: 49810.617 | CI9: 26024.556 | CK9: 0.25 | CL9: 104492.5 | CM9: 105185.14 | CN9: 100564.05 | CO9: 52049.112 | CQ9: 0.25 | CR9: 158726.22 | CS9: 160031.01 | CT9: 151317.49 | CU9: 78073.668 | CW9: 0.25 | CX9: 49757.617 | CY9: 43369.041 | CZ9: 49810.617 | DA9: 26024.556 | DC9: 0.25 | DD9: 100511.05 | DE9: 90465.534 | DF9: 100564.05 | DG9: 52049.112 | DI9: 0.25 | DJ9: 151264.49 | DK9: 137562.03 | DL9: 151317.49 | DM9: 78073.668 | DO9: 0.25 | DP9: 51384.681 | DQ9: 49150.914 | DR9: 49810.617 | DS9: 26024.556 | DU9: 0.25 | DV9: 106830.64 | DW9: 102910.01 | DX9: 100564.05 | DY9: 52049.112 | EA9: 0.25 | EB9: 162276.6 | EC9: 156669.11 | ED9: 151317.49 | EE9: 78073.668 | EG9: 0.25 | EH9: 51701.792 | EI9: 52036.929 | EJ9: 49810.617 | EK9: 26024.556 | EM9: 0.25 | EN9: 107255.32 | EO9: 108435.52 | EP9: 100564.05 | EQ9: 52049.112 | ES9: 0.25 | ET9: 162808.85 | EU9: 164834.12 | EV9: 151317.49 | EW9: 78073.668 | EY9: 0.25 | EZ9: 100079.77 | FA9: 99993.691 | FB9: 100564.05 | FC9: 52049.112 | FE9: 0.25 | FF9: 49178.707 | FG9: 49068.594 | FH9: 49810.617 | FI9: 26024.556 | FK9: 0.25 | FL9: 150980.82 | FM9: 150918.79 | FN9: 151317.49 | FO9: 78073.668 | FQ9: 0.25 | FR9: 51701.792 | FS9: 52036.929 | FT9: 49810.617 | FU9: 26024.556 | FW9: 0.25 | FX9: 107255.32 | FY9: 108435.52 | FZ9: 100564.05 | GA9: 52049.112 | GC9: 0.25 | GD9: 162808.85 | GE9: 164834.12 | GF9: 151317.49 | GG9: 78073.668 | GI9: 0.25 | GJ9: 51669.481 | GK9: 46650.481 | GL9: 49810.617 | GM9: 26024.556 | GO9: 0.25 | GP9: 107400.24 | GQ9: 97934.722 | GR9: 100564.05 | GS9: 52049.112 | GU9: 0.25 | GV9: 163131 | GW9: 149218.96 | GX9: 151317.49 | GY9: 78073.668 | HA9: 30000 | HB9: 163131 | HC9: 165213.11 | HD9: 151317.49 | HE9: 78073.668 | HG9: 0.05 | HH9: 48455.757 | HI9: 48724.115 | HJ9: 46944.116 | HK9: 24468.107 | HM9: 0.05 | HN9: 100972.79 | HO9: 102056.41 | HP9: 94831.05 | HQ9: 48936.215 | HS9: 0.05 | HT9: 153489.83 | HU9: 155388.71 | HV9: 142717.98 | HW9: 73404.322 | HY9: 0.05 | HZ9: 51717.188 | IA9: 52047.343 | IB9: 49854.242 | IC9: 26024.556 | IE9: 0.05 | IF9: 107447.95 | IG9: 108654.44 | IH9: 100607.68 | II9: 52049.112 | IK9: 0.05 | IL9: 163178.71 | IM9: 165261.54 | IN9: 151361.11 | IO9: 78073.668
C10: 0.1 | D10: 11822.988 | E10: 21068.971 | F10: 23010.786 | G10: 28303.55 | I10: 0.1 | J10: 26024.556 | K10: 49564.145 | L10: 51423.013 | M10: 51752.506 | O10: 0.1 | P10: 39036.834 | Q10: 74940.862 | R10: 79288.393 | S10: 80056.055 | U10: 0.1 | V10: 52049.112 | W10: 100317.58 | X10: 107153.77 | Y10: 108359.61 | AA10: 0.1 | AB10: 65061.39 | AC10: 125694.3 | AD10: 135019.15 | AE10: 136663.15 | AG10: 0.1 | AH10: 78073.668 | AI10: 151071.01 | AJ10: 162884.53 | AK10: 164966.7 | AM10: 0.1 | AN10: 91085.946 | AO10: 176447.73 | AP10: 190749.91 | AQ10: 193270.25 | AS10: 0.12 | AT10: 102279.79 | AU10: 105451.21 | AV10: 105699.19 | AW10: 105144.29 | AY10: 0.12 | AZ10: 204559.59 | BA10: 211028.13 | BB10: 211831.84 | BC10: 212056.9 | BD10: 211481.93 | BF10: 0.12 | BG10: 306839.38 | BH10: 316605.05 | BI10: 318070.43 | BJ10: 318414.62 | BK10: 317819.58 | BM10: 0.12 | BN10: 73913.942 | BO10: 73819.738 | BP10: 74455.7 | BQ10: 46736.328 | BS10: 0.12 | BT10: 152067.86 | BU10: 152357.11 | BV10: 150425.32 | BW10: 93472.655 | BY10: 0.12 | BZ10: 230221.78 | CA10: 230894.48 | CB10: 226394.93 | CC10: 140208.98 | CE10: 0.3 | CF10: 49976.296 | CG10: 50006.933 | CH10: 49810.617 | CI10: 26024.556 | CK10: 0.3 | CL10: 103910.25 | CM10: 104500.14 | CN10: 100564.05 | CO10: 52049.112 | CQ10: 0.3 | CR10: 157844.2 | CS10: 158993.35 | CT10: 151317.49 | CU10: 78073.668 | CW10: 0.3 | CX10: 49757.617 | CY10: 41636.134 | CZ10: 49810.617 | DA10: 26024.556 | DC10: 0.3 | DD10: 100511.05 | DE10: 86822.867 | DF10: 100564.05 | DG10: 52049.112 | DI10: 0.3 | DJ10: 151264.49 | DK10: 132009.6 | DL10: 151317.49 | DM10: 78073.668 | DO10: 0.3 | DP10: 51327.675 | DQ10: 48580.858 | DR10: 49810.617 | DS10: 26024.556 | DU10: 0.3 | DV10: 106716.63 | DW10: 101769.9 | DX10: 100564.05 | DY10: 52049.112 | EA10: 0.3 | EB10: 162105.58 | EC10: 154958.94 | ED10: 151317.49 | EE10: 78073.668 | EG10: 0.3 | EH10: 51701.792 | EI10: 52036.929 | EJ10: 49810.617 | EK10: 26024.556 | EM10: 0.3 | EN10: 107255.32 | EO10: 108435.52 | EP10: 100564.05 | EQ10: 52049.112 | ES10: 0.3 | ET10: 162808.85 | EU10: 164834.12 | EV10: 151317.49 | EW10: 78073.668 | EY10: 0.3 | EZ10: 100079.77 | FA10: 99993.691 | FB10: 100564.05 | FC10: 52049.112 | FE10: 0.3 | FF10: 49178.707 | FG10: 49068.594 | FH10: 49810.617 | FI10: 26024.556 | FK10: 0.3 | FL10: 150980.82 | FM10: 150918.79 | FN10: 151317.49 | FO10: 78073.668 | FQ10: 0.3 | FR10: 51701.792 | FS10: 52036.929 | FT10: 49810.617 | FU10: 26024.556 | FW10: 0.3 | FX10: 107255.32 | FY10: 108435.52 | FZ10: 100564.05 | GA10: 52049.112 | GC10: 0.3 | GD10: 162808.85 | GE10: 164834.12 | GF10: 151317.49 | GG10: 78073.668 | GI10: 0.3 | GJ10: 51669.481 | GK10: 47244.752 | GL10: 49810.617 | GM10: 26024.556 | GO10: 0.3 | GP10: 107400.24 | GQ10: 99120.421 | GR10: 100564.05 | GS10: 52049.112 | GU10: 0.3 | GV10: 163131 | GW10: 150996.09 | GX10: 151317.49 | GY10: 78073.668 | HA10: 35000 | HB10: 190996.38 | HC10: 193516.66 | HD10: 176694.2 | HE10: 91085.946 | HG10: 0.06 | HH10: 46482.206 | HI10: 46711.368 | HJ10: 45193.333 | HK10: 23534.101 | HM10: 0.06 | HN10: 97025.69 | HO10: 98030.919 | HP10: 91329.484 | HQ10: 47068.203 | HS10: 0.06 | HT10: 147569.17 | HU10: 149350.47 | HV10: 137465.63 | HW10: 70602.304 | HY10: 0.06 | HZ10: 51746.478 | IA10: 52076.99 | IB10: 49881.508 | IC10: 26024.556 | IE10: 0.06 | IF10: 107477.24 | IG10: 108684.09 | IH10: 100634.94 | II10: 52049.112 | IK10: 0.06 | IL10: 163208 | IM10: 165291.19 | IN10: 151388.38 | IO10: 78073.668
C11: 0.12 | D11: 11822.988 | E11: 21068.971 | F11: 23010.786 | G11: 28303.55 | I11: 0.12 | J11: 26024.556 | K11: 49564.145 | L11: 51423.013 | M11: 51752.506 | O11: 0.12 | P11: 39036.834 | Q11: 74940.862 | R11: 79288.393 | S11: 80056.055 | U11: 0.12 | V11: 52049.112 | W11: 100317.58 | X11: 107153.77 | Y11: 108359.61 | AA11: 0.12 | AB11: 65061.39 | AC11: 125694.3 | AD11: 135019.15 | AE11: 136663.15 | AG11: 0.12 | AH11: 78073.668 | AI11: 151071.01 | AJ11: 162884.53 | AK11: 164966.7 | AM11: 0.12 | AN11: 91085.946 | AO11: 176447.73 | AP11: 190749.91 | AQ11: 193270.25 | AS11: 0.14 | AT11: 100324.54 | AU11: 104024.53 | AV11: 104322.68 | AW11: 103781.59 | AY11: 0.14 | AZ11: 200649.08 | BA11: 208195.72 | BB11: 209154.11 | BC11: 209404.79 | BD11: 208844.09 | BF11: 0.14 | BG11: 300973.63 | BH11: 312366.9 | BI11: 314097.62 | BJ11: 314486.9 | BK11: 313906.59 | BM11: 0.14 | BN11: 73343.572 | BO11: 73260.23 | BP11: 73823.775 | BQ11: 46205.257 | BS11: 0.14 | BT11: 150922.54 | BU11: 151235.29 | BV11: 149146.82 | BW11: 92410.513 | BY11: 0.14 | BZ11: 228501.5 | CA11: 229210.34 | CB11: 224469.87 | CC11: 138615.77 | CE11: 0.35 | CF11: 49693.816 | CG11: 49674.604 | CH11: 49810.617 | CI11: 26024.556 | CK11: 0.35 | CL11: 103328 | CM11: 103815.14 | CN11: 100564.05 | CO11: 52049.112 | CQ11: 0.35 | CR11: 156962.19 | CS11: 157955.68 | CT11: 151317.49 | CU11: 78073.668 | CW11: 0.35 | CX11: 49757.617 | CY11: 39903.227 | CZ11: 49810.617 | DA11: 26024.556 | DC11: 0.35 | DD11: 100511.05 | DE11: 83180.2 | DF11: 100564.05 | DG11: 52049.112 | DI11: 0.35 | DJ11: 151264.49 | DK11: 126457.17 | DL11: 151317.49 | DM11: 78073.668 | DO11: 0.35 | DP11: 51270.67 | DQ11: 48010.801 | DR11: 49810.617 | DS11: 26024.556 | DU11: 0.35 | DV11: 106602.62 | DW11: 100629.79 | DX11: 100564.05 | DY11: 52049.112 | EA11: 0.35 | EB11: 161934.57 | EC11: 153248.77 | ED11: 151317.49 | EE11: 78073.668 | EG11: 0.35 | EH11: 51701.792 | EI11: 52036.929 | EJ11: 49810.617 | EK11: 26024.556 | EM11: 0.35 | EN11: 107255.32 | EO11: 108435.52 | EP11: 100564.05 | EQ11: 52049.112 | ES11: 0.35 | ET11: 162808.85 | EU11: 164834.12 | EV11: 151317.49 | EW11: 78073.668 | EY11: 0.35 | EZ11: 100079.77 | FA11: 99993.691 | FB11: 100564.05 | FC11: 52049.112 | FE11: 0.35 | FF11: 49178.707 | FG11: 49068.594 | FH11: 49810.617 | FI11: 26024.556 | FK11: 0.35 | FL11: 150980.82 | FM11: 150918.79 | FN11: 151317.49 | FO11: 78073.668 | FQ11: 0.35 | FR11: 51701.792 | FS11: 52036.929 | FT11: 49810.617 | FU11: 26024.556 | FW11: 0.35 | FX11: 107255.32 | FY11: 108435.52 | FZ11: 100564.05 | GA11: 52049.112 | GC11: 0.35 | GD11: 162808.85 | GE11: 164834.12 | GF11: 151317.49 | GG11: 78073.668 | GI11: 0.35 | GJ11: 51669.481 | GK11: 47839.022 | GL11: 49810.617 | GM11: 26024.556 | GO11: 0.35 | GP11: 107400.24 | GQ11: 100306.12 | GR11: 100564.05 | GS11: 52049.112 | GU11: 0.35 | GV11: 163131 | GW11: 152773.22 | GX11: 151317.49 | GY11: 78073.668 | HA11: 40000 | HB11: 218861.76 | HC11: 221820.21 | HD11: 202070.92 | HE11: 104098.22 | HG11: 0.07 | HH11: 44630.378 | HI11: 44821.647 | HJ11: 43556.827 | HK11: 22672.635 | HM11: 0.07 | HN11: 93322.035 | HO11: 94251.478 | HP11: 88056.471 | HQ11: 45345.271 | HS11: 0.07 | HT11: 142013.69 | HU11: 143681.31 | HV11: 132556.11 | HW11: 68017.906 | HY11: 0.07 | HZ11: 51773.943 | IA11: 52104.728 | IB11: 49907.432 | IC11: 26024.556 | IE11: 0.07 | IF11: 107504.7 | IG11: 108711.83 | IH11: 100660.87 | II11: 52049.112 | IK11: 0.07 | IL11: 163235.46 | IM11: 165318.93 | IN11: 151414.3 | IO11: 78073.668
C12: 0.14 | D12: 11822.988 | E12: 21068.971 | F12: 23010.786 | G12: 28303.55 | I12: 0.14 | J12: 26024.556 | K12: 49564.145 | L12: 51423.013 | M12: 51752.506 | O12: 0.14 | P12: 39036.834 | Q12: 74940.862 | R12: 79288.393 | S12: 80056.055 | U12: 0.14 | V12: 52049.112 | W12: 100317.58 | X12: 107153.77 | Y12: 108359.61 | AA12: 0.14 | AB12: 65061.39 | AC12: 125694.3 | AD12: 135019.15 | AE12: 136663.15 | AG12: 0.14 | AH12: 78073.668 | AI12: 151071.01 | AJ12: 162884.53 | AK12: 164966.7 | AM12: 0.14 | AN12: 91085.946 | AO12: 176447.73 | AP12: 190749.91 | AQ12: 193270.25 | AS12: 0.16 | AT12: 98369.291 | AU12: 102597.85 | AV12: 102946.16 | AW12: 102418.88 | AY12: 0.16 | AZ12: 196738.58 | BA12: 205363.3 | BB12: 206476.38 | BC12: 206752.67 | BD12: 206206.25 | BF12: 0.16 | BG12: 295107.87 | BH12: 308128.76 | BI12: 310124.82 | BJ12: 310559.19 | BK12: 309993.61 | BM12: 0.16 | BN12: 72773.201 | BO12: 72700.721 | BP12: 73191.85 | BQ12: 45674.185 | BS12: 0.16 | BT12: 149777.21 | BU12: 150113.46 | BV12: 147868.33 | BW12: 91348.371 | BY12: 0.16 | BZ12: 226781.23 | CA12: 227526.21 | CB12: 222544.81 | CC12: 137022.56 | CE12: 0.4 | CF12: 49411.336 | CG12: 49342.274 | CH12: 49810.617 | CI12: 26024.556 | CK12: 0.4 | CL12: 102745.75 | CM12: 103130.15 | CN12: 100564.05 | CO12: 52049.112 | CQ12: 0.4 | CR12: 156080.17 | CS12: 156918.02 | CT12: 151317.49 | CU12: 78073.668 | CW12: 0.4 | CX12: 49757.617 | CY12: 38170.321 | CZ12: 49810.617 | DA12: 26024.556 | DC12: 0.4 | DD12: 100511.05 | DE12: 79537.533 | DF12: 100564.05 | DG12: 52049.112 | DI12: 0.4 | DJ12: 151264.49 | DK12: 120904.74 | DL12: 151317.49 | DM12: 78073.668 | DO12: 0.4 | DP12: 51213.664 | DQ12: 47440.745 | DR12: 49810.617 | DS12: 26024.556 | DU12: 0.4 | DV12: 106488.61 | DW12: 99489.674 | DX12: 100564.05 | DY12: 52049.112 | EA12: 0.4 | EB12: 161763.55 | EC12: 151538.6 | ED12: 151317.49 | EE12: 78073.668 | EG12: 0.4 | EH12: 51701.792 | EI12: 52036.929 | EJ12: 49810.617 | EK12: 26024.556 | EM12: 0.4 | EN12: 107255.32 | EO12: 108435.52 | EP12: 100564.05 | EQ12: 52049.112 | ES12: 0.4 | ET12: 162808.85 | EU12: 164834.12 | EV12: 151317.49 | EW12: 78073.668 | EY12: 0.4 | EZ12: 100079.77 | FA12: 99993.691 | FB12: 100564.05 | FC12: 52049.112 | FE12: 0.4 | FF12: 49178.707 | FG12: 49068.594 | FH12: 49810.617 | FI12: 26024.556 | FK12: 0.4 | FL12: 150980.82 | FM12: 150918.79 | FN12: 151317.49 | FO12: 78073.668 | FQ12: 0.4 | FR12: 51701.792 | FS12: 52036.929 | FT12: 49810.617 | FU12: 26024.556 | FW12: 0.4 | FX12: 107255.32 | FY12: 108435.52 | FZ12: 100564.05 | GA12: 52049.112 | GC12: 0.4 | GD12: 162808.85 | GE12: 164834.12 | GF12: 151317.49 | GG12: 78073.668 | GI12: 0.4 | GJ12: 51669.481 | GK12: 48433.293 | GL12: 49810.617 | GM12: 26024.556 | GO12: 0.4 | GP12: 107400.24 | GQ12: 101491.82 | GR12: 100564.05 | GS12: 52049.112 | GU12: 0.4 | GV12: 163131 | GW12: 154550.35 | GX12: 151317.49 | GY12: 78073.668 | HA12: 45000 | HB12: 246727.14 | HC12: 250123.76 | HD12: 227447.64 | HE12: 117110.5 | HG12: 0.08 | HH12: 42890.144 | HI12: 43044.869 | HJ12: 42024.216 | HK12: 21876.082 | HM12: 0.08 | HN12: 89841.566 | HO12: 90697.922 | HP12: 84991.249 | HQ12: 43752.164 | HS12: 0.08 | HT12: 136792.99 | HU12: 138350.97 | HV12: 127958.28 | HW12: 65628.245 | HY12: 0.08 | HZ12: 51799.731 | IA12: 52130.712 | IB12: 49932.102 | IC12: 26024.556 | IE12: 0.08 | IF12: 107530.49 | IG12: 108737.81 | IH12: 100685.54 | II12: 52049.112 | IK12: 0.08 | IL12: 163261.25 | IM12: 165344.91 | IN12: 151438.97 | IO12: 78073.668
C13: 0.16 | D13: 11822.988 | E13: 21068.971 | F13: 23010.786 | G13: 28303.55 | I13: 0.16 | J13: 26024.556 | K13: 49564.145 | L13: 51423.013 | M13: 51752.506 | O13: 0.16 | P13: 39036.834 | Q13: 74940.862 | R13: 79288.393 | S13: 80056.055 | U13: 0.16 | V13: 52049.112 | W13: 100317.58 | X13: 107153.77 | Y13: 108359.61 | AA13: 0.16 | AB13: 65061.39 | AC13: 125694.3 | AD13: 135019.15 | AE13: 136663.15 | AG13: 0.16 | AH13: 78073.668 | AI13: 151071.01 | AJ13: 162884.53 | AK13: 164966.7 | AM13: 0.16 | AN13: 91085.946 | AO13: 176447.73 | AP13: 190749.91 | AQ13: 193270.25 | AS13: 0.18 | AT13: 96414.04 | AU13: 101171.16 | AV13: 101569.64 | AW13: 101056.18 | AY13: 0.18 | AZ13: 192828.08 | BA13: 202530.89 | BB13: 203798.64 | BC13: 204100.56 | BD13: 203568.4 | BF13: 0.18 | BG13: 289242.12 | BH13: 303890.62 | BI13: 306152.01 | BJ13: 306631.47 | BK13: 306080.62 | BM13: 0.18 | BN13: 72202.83 | BO13: 72141.213 | BP13: 72559.925 | BQ13: 45143.114 | BS13: 0.18 | BT13: 148631.89 | BU13: 148991.64 | BV13: 146589.84 | BW13: 90286.229 | BY13: 0.18 | BZ13: 225060.95 | CA13: 225842.07 | CB13: 220619.75 | CC13: 135429.34 | CE13: 0.45 | CF13: 49128.856 | CG13: 49009.945 | CH13: 49810.617 | CI13: 26024.556 | CK13: 0.45 | CL13: 102163.51 | CM13: 102445.15 | CN13: 100564.05 | CO13: 52049.112 | CQ13: 0.45 | CR13: 155198.15 | CS13: 155880.35 | CT13: 151317.49 | CU13: 78073.668 | CW13: 0.45 | CX13: 49757.617 | CY13: 36437.414 | CZ13: 49810.617 | DA13: 26024.556 | DC13: 0.45 | DD13: 100511.05 | DE13: 75894.866 | DF13: 100564.05 | DG13: 52049.112 | DI13: 0.45 | DJ13: 151264.49 | DK13: 115352.32 | DL13: 151317.49 | DM13: 78073.668 | DO13: 0.45 | DP13: 51156.658 | DQ13: 46870.689 | DR13: 49810.617 | DS13: 26024.556 | DU13: 0.45 | DV13: 106374.6 | DW13: 98349.561 | DX13: 100564.05 | DY13: 52049.112 | EA13: 0.45 | EB13: 161592.53 | EC13: 149828.43 | ED13: 151317.49 | EE13: 78073.668 | EG13: 0.45 | EH13: 51701.792 | EI13: 52036.929 | EJ13: 49810.617 | EK13: 26024.556 | EM13: 0.45 | EN13: 107255.32 | EO13: 108435.52 | EP13: 100564.05 | EQ13: 52049.112 | ES13: 0.45 | ET13: 162808.85 | EU13: 164834.12 | EV13: 151317.49 | EW13: 78073.668 | EY13: 0.45 | EZ13: 100079.77 | FA13: 99993.691 | FB13: 100564.05 | FC13: 52049.112 | FE13: 0.45 | FF13: 49178.707 | FG13: 49068.594 | FH13: 49810.617 | FI13: 26024.556 | FK13: 0.45 | FL13: 150980.82 | FM13: 150918.79 | FN13: 151317.49 | FO13: 78073.668 | FQ13: 0.45 | FR13: 51477.561 | FS13: 51773.127 | FT13: 49810.617 | FU13: 26024.556 | FW13: 0.45 | FX13: 107042.81 | FY13: 108185.5 | FZ13: 100564.05 | GA13: 52049.112 | GC13: 0.45 | GD13: 162608.05 | GE13: 164597.88 | GF13: 151317.49 | GG13: 78073.668 | GI13: 0.45 | GJ13: 51669.481 | GK13: 49027.563 | GL13: 49810.617 | GM13: 26024.556 | GO13: 0.45 | GP13: 107400.24 | GQ13: 102677.52 | GR13: 100564.05 | GS13: 52049.112 | GU13: 0.45 | GV13: 163131 | GW13: 156327.47 | GX13: 151317.49 | GY13: 78073.668 | HA13: 50000 | HB13: 274592.52 | HC13: 278427.31 | HD13: 252824.35 | HE13: 130122.78 | HG13: 0.09 | HH13: 41252.426 | HI13: 41371.982 | HJ13: 40586.283 | HK13: 21137.756 | HM13: 0.09 | HN13: 86566.13 | HO13: 87352.147 | HP13: 82115.384 | HQ13: 42275.513 | HS13: 0.09 | HT13: 131879.84 | HU13: 133332.31 | HV13: 123644.48 | HW13: 63413.269 | HY13: 0.09 | HZ13: 51823.971 | IA13: 52155.084 | IB13: 49955.598 | IC13: 26024.556 | IE13: 0.09 | IF13: 107554.73 | IG13: 108762.18 | IH13: 100709.03 | II13: 52049.112 | IK13: 0.09 | IL13: 163285.49 | IM13: 165369.28 | IN13: 151462.47 | IO13: 78073.668
C14: 0.18 | D14: 11822.988 | E14: 21068.971 | F14: 23010.786 | G14: 28303.55 | I14: 0.18 | J14: 26024.556 | K14: 49564.145 | L14: 51423.013 | M14: 51752.506 | O14: 0.18 | P14: 39036.834 | Q14: 74940.862 | R14: 79288.393 | S14: 80056.055 | U14: 0.18 | V14: 52049.112 | W14: 100317.58 | X14: 107153.77 | Y14: 108359.61 | AA14: 0.18 | AB14: 65061.39 | AC14: 125694.3 | AD14: 135019.15 | AE14: 136663.15 | AG14: 0.18 | AH14: 78073.668 | AI14: 151071.01 | AJ14: 162884.53 | AK14: 164966.7 | AM14: 0.18 | AN14: 91085.946 | AO14: 176447.73 | AP14: 190749.91 | AQ14: 193270.25 | AS14: 0.2 | AT14: 94458.789 | AU14: 99744.483 | AV14: 100193.12 | AW14: 99693.481 | AY14: 0.2 | AZ14: 188917.58 | BA14: 199698.48 | BB14: 201120.91 | BC14: 201448.44 | BD14: 200930.56 | BF14: 0.2 | BG14: 283376.37 | BH14: 299652.48 | BI14: 302179.21 | BJ14: 302703.76 | BK14: 302167.63 | BM14: 0.2 | BN14: 71632.459 | BO14: 71581.705 | BP14: 71927.999 | BQ14: 44612.043 | BS14: 0.2 | BT14: 147486.57 | BU14: 147869.82 | BV14: 145311.34 | BW14: 89224.087 | BY14: 0.2 | BZ14: 223340.67 | CA14: 224157.93 | CB14: 218694.68 | CC14: 133836.13 | CE14: 0.5 | CF14: 48846.376 | CG14: 48677.616 | CH14: 49810.617 | CI14: 26024.556 | CK14: 0.5 | CL14: 101581.26 | CM14: 101760.15 | CN14: 100564.05 | CO14: 52049.112 | CQ14: 0.5 | CR14: 154316.14 | CS14: 154842.69 | CT14: 151317.49 | CU14: 78073.668 | CW14: 0.5 | CX14: 49757.617 | CY14: 34704.507 | CZ14: 49810.617 | DA14: 26024.556 | DC14: 0.5 | DD14: 100511.05 | DE14: 72252.199 | DF14: 100564.05 | DG14: 52049.112 | DI14: 0.5 | DJ14: 151264.49 | DK14: 109799.89 | DL14: 151317.49 | DM14: 78073.668 | DO14: 0.5 | DP14: 51099.653 | DQ14: 46300.632 | DR14: 49810.617 | DS14: 26024.556 | DU14: 0.5 | DV14: 106260.58 | DW14: 97209.449 | DX14: 100564.05 | DY14: 52049.112 | EA14: 0.5 | EB14: 161421.52 | EC14: 148118.26 | ED14: 151317.49 | EE14: 78073.668 | EG14: 0.5 | EH14: 51701.792 | EI14: 52036.929 | EJ14: 49810.617 | EK14: 26024.556 | EM14: 0.5 | EN14: 107255.32 | EO14: 108435.52 | EP14: 100564.05 | EQ14: 52049.112 | ES14: 0.5 | ET14: 162808.85 | EU14: 164834.12 | EV14: 151317.49 | EW14: 78073.668 | EY14: 0.5 | EZ14: 100079.77 | FA14: 99993.691 | FB14: 100564.05 | FC14: 52049.112 | FE14: 0.5 | FF14: 49178.707 | FG14: 49068.594 | FH14: 49810.617 | FI14: 26024.556 | FK14: 0.5 | FL14: 150980.82 | FM14: 150918.79 | FN14: 151317.49 | FO14: 78073.668 | FQ14: 0.5 | FR14: 51501.551 | FS14: 51801.351 | FT14: 49810.617 | FU14: 26024.556 | FW14: 0.5 | FX14: 107087.49 | FY14: 108238.07 | FZ14: 100564.05 | GA14: 52049.112 | GC14: 0.5 | GD14: 162673.42 | GE14: 164674.78 | GF14: 151317.49 | GG14: 78073.668 | GI14: 0.5 | GJ14: 51669.481 | GK14: 49621.834 | GL14: 49810.617 | GM14: 26024.556 | GO14: 0.5 | GP14: 107400.24 | GQ14: 103863.22 | GR14: 100564.05 | GS14: 52049.112 | GU14: 0.5 | GV14: 163131 | GW14: 158104.6 | GX14: 151317.49 | GY14: 78073.668 | HA14: 55000 | HB14: 302457.9 | HC14: 306730.86 | HD14: 278201.07 | HE14: 143135.06 | HG14: 0.1 | HH14: 39709.07 | HI14: 39794.841 | HJ14: 39234.826 | HK14: 20451.788 | HM14: 0.1 | HN14: 83479.419 | HO14: 84197.865 | HP14: 79412.469 | HQ14: 40903.575 | HS14: 0.1 | HT14: 127249.77 | HU14: 128600.89 | HV14: 119590.11 | HW14: 61355.363 | HY14: 0.1 | HZ14: 51846.783 | IA14: 52177.969 | IB14: 49977.995 | IC14: 26024.556 | IE14: 0.1 | IF14: 107577.54 | IG14: 108785.07 | IH14: 100731.43 | II14: 52049.112 | IK14: 0.1 | IL14: 163308.3 | IM14: 165392.17 | IN14: 151484.86 | IO14: 78073.668
C15: 0.2 | D15: 11822.988 | E15: 21068.971 | F15: 23010.786 | G15: 28303.55 | I15: 0.2 | J15: 26024.556 | K15: 49564.145 | L15: 51423.013 | M15: 51752.506 | O15: 0.2 | P15: 39036.834 | Q15: 74940.862 | R15: 79288.393 | S15: 80056.055 | U15: 0.2 | V15: 52049.112 | W15: 100317.58 | X15: 107153.77 | Y15: 108359.61 | AA15: 0.2 | AB15: 65061.39 | AC15: 125694.3 | AD15: 135019.15 | AE15: 136663.15 | AG15: 0.2 | AH15: 78073.668 | AI15: 151071.01 | AJ15: 162884.53 | AK15: 164966.7 | AM15: 0.2 | AN15: 91085.946 | AO15: 176447.73 | AP15: 190749.91 | AQ15: 193270.25 | AS15: 0.22 | AT15: 92503.538 | AU15: 98317.801 | AV15: 98816.605 | AW15: 98330.779 | AY15: 0.22 | AZ15: 185007.08 | BA15: 196866.07 | BB15: 198443.18 | BC15: 198796.33 | BD15: 198292.71 | BF15: 0.22 | BG15: 277510.61 | BH15: 295414.34 | BI15: 298206.4 | BJ15: 298776.05 | BK15: 298254.65 | BM15: 0.22 | BN15: 71062.088 | BO15: 71022.197 | BP15: 71296.074 | BQ15: 44080.972 | BS15: 0.22 | BT15: 146341.24 | BU15: 146747.99 | BV15: 144032.85 | BW15: 88161.945 | BY15: 0.22 | BZ15: 221620.4 | CA15: 222473.79 | CB15: 216769.62 | CC15: 132242.92 | CE15: 0.55 | CF15: 48563.896 | CG15: 48345.286 | CH15: 49810.617 | CI15: 26024.556 | CK15: 0.55 | CL15: 100999.01 | CM15: 101075.16 | CN15: 100564.05 | CO15: 52049.112 | CQ15: 0.55 | CR15: 153434.12 | CS15: 153805.02 | CT15: 151317.49 | CU15: 78073.668 | CW15: 0.55 | CX15: 49757.617 | CY15: 32971.601 | CZ15: 49810.617 | DA15: 26024.556 | DC15: 0.55 | DD15: 100511.05 | DE15: 68609.532 | DF15: 100564.05 | DG15: 52049.112 | DI15: 0.55 | DJ15: 151264.49 | DK15: 104247.46 | DL15: 151317.49 | DM15: 78073.668 | DO15: 0.55 | DP15: 51042.647 | DQ15: 45730.576 | DR15: 49810.617 | DS15: 26024.556 | DU15: 0.55 | DV15: 106146.57 | DW15: 96069.336 | DX15: 100564.05 | DY15: 52049.112 | EA15: 0.55 | EB15: 161250.5 | EC15: 146408.1 | ED15: 151317.49 | EE15: 78073.668 | EG15: 0.55 | EH15: 51701.792 | EI15: 52036.929 | EJ15: 49810.617 | EK15: 26024.556 | EM15: 0.55 | EN15: 107255.32 | EO15: 108435.52 | EP15: 100564.05 | EQ15: 52049.112 | ES15: 0.55 | ET15: 162808.85 | EU15: 164834.12 | EV15: 151317.49 | EW15: 78073.668 | EY15: 0.55 | EZ15: 100079.77 | FA15: 99993.691 | FB15: 100564.05 | FC15: 52049.112 | FE15: 0.55 | FF15: 49178.707 | FG15: 49068.594 | FH15: 49810.617 | FI15: 26024.556 | FK15: 0.55 | FL15: 150980.82 | FM15: 150918.79 | FN15: 151317.49 | FO15: 78073.668 | FQ15: 0.55 | FR15: 51525.541 | FS15: 51829.575 | FT15: 49810.617 | FU15: 26024.556 | FW15: 0.55 | FX15: 107132.16 | FY15: 108290.63 | FZ15: 100564.05 | GA15: 52049.112 | GC15: 0.55 | GD15: 162738.79 | GE15: 164751.69 | GF15: 151317.49 | GG15: 78073.668 | GI15: 0.55 | GJ15: 51669.481 | GK15: 50216.104 | GL15: 49810.617 | GM15: 26024.556 | GO15: 0.55 | GP15: 107400.24 | GQ15: 105048.92 | GR15: 100564.05 | GS15: 52049.112 | GU15: 0.55 | GV15: 163131 | GW15: 159881.73 | GX15: 151317.49 | GY15: 78073.668 | HA15: 60000 | HB15: 330323.28 | HC15: 335034.41 | HD15: 303577.79 | HE15: 156147.34 | HG15: 0.11 | HH15: 38252.734 | HI15: 38306.1 | HJ15: 37962.526 | HK15: 19813.008 | HM15: 0.11 | HN15: 80566.746 | HO15: 81220.383 | HP15: 76867.87 | HQ15: 39626.016 | HS15: 0.11 | HT15: 122880.76 | HU15: 124134.67 | HV15: 115773.21 | HW15: 59439.023 | HY15: 0.11 | HZ15: 51868.275 | IA15: 52199.484 | IB15: 49999.361 | IC15: 26024.556 | IE15: 0.11 | IF15: 107599.04 | IG15: 108806.58 | IH15: 100752.8 | II15: 52049.112 | IK15: 0.11 | IL15: 163329.8 | IM15: 165413.68 | IN15: 151506.23 | IO15: 78073.668
C16: 0.22 | D16: 11822.988 | E16: 21068.971 | F16: 23010.786 | G16: 28303.55 | I16: 0.22 | J16: 26024.556 | K16: 49564.145 | L16: 51423.013 | M16: 51752.506 | O16: 0.22 | P16: 39036.834 | Q16: 74940.862 | R16: 79288.393 | S16: 80056.055 | U16: 0.22 | V16: 52049.112 | W16: 100317.58 | X16: 107153.77 | Y16: 108359.61 | AA16: 0.22 | AB16: 65061.39 | AC16: 125694.3 | AD16: 135019.15 | AE16: 136663.15 | AG16: 0.22 | AH16: 78073.668 | AI16: 151071.01 | AJ16: 162884.53 | AK16: 164966.7 | AM16: 0.22 | AN16: 91085.946 | AO16: 176447.73 | AP16: 190749.91 | AQ16: 193270.25 | AS16: 0.24 | AT16: 90548.287 | AU16: 96891.119 | AV16: 97440.087 | AW16: 96968.077 | AY16: 0.24 | AZ16: 181096.57 | BA16: 194033.66 | BB16: 195765.44 | BC16: 196144.21 | BD16: 195654.87 | BF16: 0.24 | BG16: 271644.86 | BH16: 291176.19 | BI16: 294233.59 | BJ16: 294848.33 | BK16: 294341.66 | BM16: 0.24 | BN16: 70491.718 | BO16: 70462.688 | BP16: 70664.149 | BQ16: 43549.901 | BS16: 0.24 | BT16: 145195.92 | BU16: 145626.17 | BV16: 142754.35 | BW16: 87099.802 | BY16: 0.24 | BZ16: 219900.12 | CA16: 220789.65 | CB16: 214844.56 | CC16: 130649.7 | CE16: 0.6 | CF16: 48281.416 | CG16: 48012.957 | CH16: 49810.617 | CI16: 26024.556 | CK16: 0.6 | CL16: 100416.76 | CM16: 100390.16 | CN16: 100564.05 | CO16: 52049.112 | CQ16: 0.6 | CR16: 152552.11 | CS16: 152767.36 | CT16: 151317.49 | CU16: 78073.668 | CW16: 0.6 | CX16: 49757.617 | CY16: 31238.694 | CZ16: 49810.617 | DA16: 26024.556 | DC16: 0.6 | DD16: 100511.05 | DE16: 64966.865 | DF16: 100564.05 | DG16: 52049.112 | DI16: 0.6 | DJ16: 151264.49 | DK16: 98695.035 | DL16: 151317.49 | DM16: 78073.668 | DO16: 0.6 | DP16: 50985.641 | DQ16: 45160.52 | DR16: 49810.617 | DS16: 26024.556 | DU16: 0.6 | DV16: 106032.56 | DW16: 94929.223 | DX16: 100564.05 | DY16: 52049.112 | EA16: 0.6 | EB16: 161079.48 | EC16: 144697.93 | ED16: 151317.49 | EE16: 78073.668 | EG16: 0.6 | EH16: 51701.792 | EI16: 52036.929 | EJ16: 49810.617 | EK16: 26024.556 | EM16: 0.6 | EN16: 107255.32 | EO16: 108435.52 | EP16: 100564.05 | EQ16: 52049.112 | ES16: 0.6 | ET16: 162808.85 | EU16: 164834.12 | EV16: 151317.49 | EW16: 78073.668 | EY16: 0.6 | EZ16: 100079.77 | FA16: 99993.691 | FB16: 100564.05 | FC16: 52049.112 | FE16: 0.6 | FF16: 49178.707 | FG16: 49068.594 | FH16: 49810.617 | FI16: 26024.556 | FK16: 0.6 | FL16: 150980.82 | FM16: 150918.79 | FN16: 151317.49 | FO16: 78073.668 | FQ16: 0.6 | FR16: 51549.531 | FS16: 51857.798 | FT16: 49810.617 | FU16: 26024.556 | FW16: 0.6 | FX16: 107176.84 | FY16: 108343.2 | FZ16: 100564.05 | GA16: 52049.112 | GC16: 0.6 | GD16: 162804.16 | GE16: 164828.59 | GF16: 151317.49 | GG16: 78073.668 | GI16: 0.6 | GJ16: 51669.481 | GK16: 50810.375 | GL16: 49810.617 | GM16: 26024.556 | GO16: 0.6 | GP16: 107400.24 | GQ16: 106234.62 | GR16: 100564.05 | GS16: 52049.112 | GU16: 0.6 | GV16: 163131 | GW16: 161658.86 | GX16: 151317.49 | GY16: 78073.668 | HA16: 65000 | HB16: 358188.66 | HC16: 363337.96 | HD16: 328954.51 | HE16: 169159.61 | HG16: 0.12 | HH16: 36876.79 | HI16: 36899.118 | HJ16: 36762.84 | HK16: 19216.858 | HM16: 0.12 | HN16: 77814.859 | HO16: 78406.42 | HP16: 74468.496 | HQ16: 38433.715 | HS16: 0.12 | HT16: 118752.93 | HU16: 119913.72 | HV16: 112174.15 | HW16: 57650.573 | HY16: 0.12 | HZ16: 51888.547 | IA16: 52219.732 | IB16: 50019.759 | IC16: 26024.556 | IE16: 0.12 | IF16: 107619.31 | IG16: 108826.83 | IH16: 100773.19 | II16: 52049.112 | IK16: 0.12 | IL16: 163350.07 | IM16: 165433.93 | IN16: 151526.63 | IO16: 78073.668
... C24: 0.38 | D24: 11822.988 | E24: 21068.971 | F24: 23010.786 | G24: 28303.55 | I24: 0.38 | J24: 26024.556 | K24: 49564.145 | L24: 51423.013 | M24: 51752.506 | O24: 0.38 | P24: 39036.834 | Q24: 74940.862 | R24: 79288.393 | S24: 80056.055 | U24: 0.38 | V24: 52049.112 | W24: 100317.58 | X24: 107153.77 | Y24: 108359.61 | AA24: 0.38 | AB24: 65061.39 | AC24: 125694.3 | AD24: 135019.15 | AE24: 136663.15 | AG24: 0.38 | AH24: 78073.668 | AI24: 151071.01 | AJ24: 162884.53 | AK24: 164966.7 | AM24: 0.38 | AN24: 91085.946 | AO24: 176447.73 | AP24: 190749.91 | AQ24: 193270.25 | AS24: 0.4 | AT24: 74906.278 | AU24: 85477.666 | AV24: 86427.945 | AW24: 86066.464 | AY24: 0.4 | AZ24: 149812.56 | BA24: 171374.36 | BB24: 174343.58 | BC24: 174927.28 | BD24: 174552.12 | BF24: 0.4 | BG24: 224718.83 | BH24: 257271.06 | BI24: 262451.15 | BJ24: 263426.62 | BK24: 263037.78 | BM24: 0.4 | BN24: 65928.751 | BO24: 65986.622 | BP24: 65608.747 | BQ24: 39301.333 | BS24: 0.4 | BT24: 136033.33 | BU24: 136651.59 | BV24: 132526.4 | BW24: 78602.665 | BY24: 0.4 | BZ24: 206137.91 | CA24: 207316.55 | CB24: 199444.06 | CC24: 117904 | CE24: 1 | CF24: 49757.617 | CG24: 45354.322 | CH24: 49810.617 | CI24: 26024.556 | CK24: 1 | CL24: 100511.05 | CM24: 94910.18 | CN24: 100564.05 | CO24: 52049.112 | CQ24: 1 | CR24: 151264.49 | CS24: 144466.04 | CT24: 151317.49 | CU24: 78073.668 | CW24: 1 | CX24: 49757.617 | CY24: 17375.441 | CZ24: 49810.617 | DA24: 26024.556 | DC24: 1 | DD24: 100511.05 | DE24: 35825.529 | DF24: 100564.05 | DG24: 52049.112 | DI24: 1 | DJ24: 151264.49 | DK24: 54275.617 | DL24: 151317.49 | DM24: 78073.668 | DO24: 1 | DP24: 50529.596 | DQ24: 40600.069 | DR24: 49810.617 | DS24: 26024.556 | DU24: 1 | DV24: 105120.47 | DW24: 85808.322 | DX24: 100564.05 | DY24: 52049.112 | EA24: 1 | EB24: 159711.35 | EC24: 131016.57 | ED24: 151317.49 | EE24: 78073.668 | EG24: 1 | EH24: 51701.792 | EI24: 52036.929 | EJ24: 49810.617 | EK24: 26024.556 | EM24: 1 | EN24: 107255.32 | EO24: 108435.52 | EP24: 100564.05 | EQ24: 52049.112 | ES24: 1 | ET24: 162808.85 | EU24: 164834.12 | EV24: 151317.49 | EW24: 78073.668 | EY24: 1 | EZ24: 100079.77 | FA24: 99993.691 | FB24: 100564.05 | FC24: 52049.112 | FE24: 1 | FF24: 49178.707 | FG24: 49068.594 | FH24: 49810.617 | FI24: 26024.556 | FK24: 1 | FL24: 150980.82 | FM24: 150918.79 | FN24: 151317.49 | FO24: 78073.668 | FQ24: 1 | FR24: 51741.451 | FS24: 52083.586 | FT24: 49810.617 | FU24: 26024.556 | FW24: 1 | FX24: 107534.28 | FY24: 108763.71 | FZ24: 100564.05 | GA24: 52049.112 | GC24: 1 | GD24: 163327.11 | GE24: 165443.83 | GF24: 151317.49 | GG24: 78073.668 | GI24: 1 | GJ24: 51669.481 | GK24: 55564.539 | GL24: 49810.617 | GM24: 26024.556 | GO24: 1 | GP24: 107400.24 | GQ24: 115720.21 | GR24: 100564.05 | GS24: 52049.112 | GU24: 1 | GV24: 163131 | GW24: 175875.88 | GX24: 151317.49 | GY24: 78073.668 | HA24: 105000 | HB24: 581111.7 | HC24: 589766.36 | HD24: 531968.24 | HE24: 273257.84 | HG24: 0.2 | HH24: 28147.478 | HI24: 27967.014 | HJ24: 29184.793 | HK24: 15581.872 | HM24: 0.2 | HN24: 60356.236 | HO24: 60542.213 | HP24: 59312.403 | HQ24: 31163.743 | HS24: 0.2 | HT24: 92564.993 | HU24: 93117.411 | HV24: 89440.012 | HW24: 46745.615 | HY24: 0.2 | HZ24: 52016.075 | IA24: 52346.024 | IB24: 50154.295 | IC24: 26024.556 | IE24: 0.2 | IF24: 107746.83 | IG24: 108953.12 | IH24: 100907.73 | II24: 52049.112 | IK24: 0.2 | IL24: 163477.59 | IM24: 165560.22 | IN24: 151661.16 | IO24: 78073.668
C25: 0.4 | D25: 11822.988 | E25: 21068.971 | F25: 23010.786 | G25: 28303.55 | I25: 0.4 | J25: 26024.556 | K25: 49564.145 | L25: 51423.013 | M25: 51752.506 | O25: 0.4 | P25: 39036.834 | Q25: 74940.862 | R25: 79288.393 | S25: 80056.055 | U25: 0.4 | V25: 52049.112 | W25: 100317.58 | X25: 107153.77 | Y25: 108359.61 | AA25: 0.4 | AB25: 65061.39 | AC25: 125694.3 | AD25: 135019.15 | AE25: 136663.15 | AG25: 0.4 | AH25: 78073.668 | AI25: 151071.01 | AJ25: 162884.53 | AK25: 164966.7 | AM25: 0.4 | AN25: 91085.946 | AO25: 176447.73 | AP25: 190749.91 | AQ25: 193270.25 | AS25: 0.42 | AT25: 72951.027 | AU25: 84050.984 | AV25: 85051.427 | AW25: 84703.762 | AY25: 0.42 | AZ25: 145902.05 | BA25: 168541.95 | BB25: 171665.85 | BC25: 172275.17 | BD25: 171914.28 | BF25: 0.42 | BG25: 218853.08 | BH25: 253032.91 | BI25: 258478.35 | BJ25: 259498.91 | BK25: 259124.79 | BM25: 0.42 | BN25: 65358.38 | BO25: 65427.114 | BP25: 64976.822 | BQ25: 38770.262 | BS25: 0.42 | BT25: 134888.01 | BU25: 135529.77 | BV25: 131247.91 | BW25: 77540.523 | BY25: 0.42 | BZ25: 204417.63 | CA25: 205632.42 | CB25: 197518.99 | CC25: 116310.78
C26: 0.42 | D26: 11822.988 | E26: 21068.971 | F26: 23010.786 | G26: 28303.55 | I26: 0.42 | J26: 26024.556 | K26: 49564.145 | L26: 51423.013 | M26: 51752.506 | O26: 0.42 | P26: 39036.834 | Q26: 74940.862 | R26: 79288.393 | S26: 80056.055 | U26: 0.42 | V26: 52049.112 | W26: 100317.58 | X26: 107153.77 | Y26: 108359.61 | AA26: 0.42 | AB26: 65061.39 | AC26: 125694.3 | AD26: 135019.15 | AE26: 136663.15 | AG26: 0.42 | AH26: 78073.668 | AI26: 151071.01 | AJ26: 162884.53 | AK26: 164966.7 | AM26: 0.42 | AN26: 91085.946 | AO26: 176447.73 | AP26: 190749.91 | AQ26: 193270.25 | AS26: 0.44 | AT26: 70995.776 | AU26: 82624.302 | AV26: 83674.909 | AW26: 83341.06 | AY26: 0.44 | AZ26: 141991.55 | BA26: 165709.54 | BB26: 168988.11 | BC26: 169623.05 | BD26: 169276.43 | BF26: 0.44 | BG26: 212987.33 | BH26: 248794.77 | BI26: 254505.54 | BJ26: 255571.19 | BK26: 255211.8 | BM26: 0.44 | BN26: 64788.01 | BO26: 64867.606 | BP26: 64344.897 | BQ26: 38239.191 | BS26: 0.44 | BT26: 133742.68 | BU26: 134407.94 | BV26: 129969.41 | BW26: 76478.381 | BY26: 0.44 | BZ26: 202697.36 | CA26: 203948.28 | CB26: 195593.93 | CC26: 114717.57
C27: 0.44 | D27: 11822.988 | E27: 21068.971 | F27: 23010.786 | G27: 28303.55 | I27: 0.44 | J27: 26024.556 | K27: 49564.145 | L27: 51423.013 | M27: 51752.506 | O27: 0.44 | P27: 39036.834 | Q27: 74940.862 | R27: 79288.393 | S27: 80056.055 | U27: 0.44 | V27: 52049.112 | W27: 100317.58 | X27: 107153.77 | Y27: 108359.61 | AA27: 0.44 | AB27: 65061.39 | AC27: 125694.3 | AD27: 135019.15 | AE27: 136663.15 | AG27: 0.44 | AH27: 78073.668 | AI27: 151071.01 | AJ27: 162884.53 | AK27: 164966.7 | AM27: 0.44 | AN27: 91085.946 | AO27: 176447.73 | AP27: 190749.91 | AQ27: 193270.25 | AS27: 0.46 | AT27: 69040.524 | AU27: 81197.621 | AV27: 82298.392 | AW27: 81978.358 | AY27: 0.46 | AZ27: 138081.05 | BA27: 162877.13 | BB27: 166310.38 | BC27: 166970.94 | BD27: 166638.59 | BF27: 0.46 | BG27: 207121.57 | BH27: 244556.63 | BI27: 250532.74 | BJ27: 251643.48 | BK27: 251298.82 | BM27: 0.46 | BN27: 64217.639 | BO27: 64308.097 | BP27: 63712.972 | BQ27: 37708.12 | BS27: 0.46 | BT27: 132597.36 | BU27: 133286.12 | BV27: 128690.92 | BW27: 75416.239 | BY27: 0.46 | BZ27: 200977.08 | CA27: 202264.14 | CB27: 193668.87 | CC27: 113124.36
C28: 0.46 | D28: 11822.988 | E28: 21068.971 | F28: 23010.786 | G28: 28303.55 | I28: 0.46 | J28: 26024.556 | K28: 49564.145 | L28: 51423.013 | M28: 51752.506 | O28: 0.46 | P28: 39036.834 | Q28: 74940.862 | R28: 79288.393 | S28: 80056.055 | U28: 0.46 | V28: 52049.112 | W28: 100317.58 | X28: 107153.77 | Y28: 108359.61 | AA28: 0.46 | AB28: 65061.39 | AC28: 125694.3 | AD28: 135019.15 | AE28: 136663.15 | AG28: 0.46 | AH28: 78073.668 | AI28: 151071.01 | AJ28: 162884.53 | AK28: 164966.7 | AM28: 0.46 | AN28: 91085.946 | AO28: 176447.73 | AP28: 190749.91 | AQ28: 193270.25 | AS28: 0.48 | AT28: 67085.273 | AU28: 79770.939 | AV28: 80921.874 | AW28: 80615.657 | AY28: 0.48 | AZ28: 134170.55 | BA28: 160044.71 | BB28: 163632.65 | BC28: 164318.82 | BD28: 164000.74 | BF28: 0.48 | BG28: 201255.82 | BH28: 240318.49 | BI28: 246559.93 | BJ28: 247715.76 | BK28: 247385.83 | BM28: 0.48 | BN28: 63647.268 | BO28: 63748.589 | BP28: 63081.047 | BQ28: 37177.048 | BS28: 0.48 | BT28: 131452.04 | BU28: 132164.3 | BV28: 127412.43 | BW28: 74354.097 | BY28: 0.48 | BZ28: 199256.8 | CA28: 200580 | CB28: 191743.8 | CC28: 111531.15
C29: 0.48 | D29: 11822.988 | E29: 21068.971 | F29: 23010.786 | G29: 28303.55 | I29: 0.48 | J29: 26024.556 | K29: 49564.145 | L29: 51423.013 | M29: 51752.506 | O29: 0.48 | P29: 39036.834 | Q29: 74940.862 | R29: 79288.393 | S29: 80056.055 | U29: 0.48 | V29: 52049.112 | W29: 100317.58 | X29: 107153.77 | Y29: 108359.61 | AA29: 0.48 | AB29: 65061.39 | AC29: 125694.3 | AD29: 135019.15 | AE29: 136663.15 | AG29: 0.48 | AH29: 78073.668 | AI29: 151071.01 | AJ29: 162884.53 | AK29: 164966.7 | AM29: 0.48 | AN29: 91085.946 | AO29: 176447.73 | AP29: 190749.91 | AQ29: 193270.25 | AS29: 0.5 | AT29: 65130.022 | AU29: 78344.257 | AV29: 79545.356 | AW29: 79252.955 | AY29: 0.5 | AZ29: 130260.04 | BA29: 157212.3 | BB29: 160954.91 | BC29: 161666.7 | BD29: 161362.9 | BF29: 0.5 | BG29: 195390.07 | BH29: 236080.35 | BI29: 242587.12 | BJ29: 243788.05 | BK29: 243472.85 | BM29: 0.5 | BN29: 63076.897 | BO29: 63189.081 | BP29: 62449.121 | BQ29: 36645.977 | BS29: 0.5 | BT29: 130306.71 | BU29: 131042.47 | BV29: 126133.93 | BW29: 73291.955 | BY29: 0.5 | BZ29: 197536.53 | CA29: 198895.87 | CB29: 189818.74 | CC29: 109937.93
C30: 0.5 | D30: 11822.988 | E30: 21068.971 | F30: 23010.786 | G30: 28303.55 | I30: 0.5 | J30: 26024.556 | K30: 49564.145 | L30: 51423.013 | M30: 51752.506 | O30: 0.5 | P30: 39036.834 | Q30: 74940.862 | R30: 79288.393 | S30: 80056.055 | U30: 0.5 | V30: 52049.112 | W30: 100317.58 | X30: 107153.77 | Y30: 108359.61 | AA30: 0.5 | AB30: 65061.39 | AC30: 125694.3 | AD30: 135019.15 | AE30: 136663.15 | AG30: 0.5 | AH30: 78073.668 | AI30: 151071.01 | AJ30: 162884.53 | AK30: 164966.7 | AM30: 0.5 | AN30: 91085.946 | AO30: 176447.73 | AP30: 190749.91 | AQ30: 193270.25 | AS30: 0.52 | AT30: 63174.771 | AU30: 76917.576 | AV30: 78168.838 | AW30: 77890.253 | AY30: 0.52 | AZ30: 126349.54 | BA30: 154379.89 | BB30: 158277.18 | BC30: 159014.59 | BD30: 158725.06 | BF30: 0.52 | BG30: 189524.31 | BH30: 231842.2 | BI30: 238614.32 | BJ30: 239860.34 | BK30: 239559.86 | BM30: 0.52 | BN30: 62506.526 | BO30: 62629.573 | BP30: 61817.196 | BQ30: 36114.906 | BS30: 0.52 | BT30: 129161.39 | BU30: 129920.65 | BV30: 124855.44 | BW30: 72229.813 | BY30: 0.52 | BZ30: 195816.25 | CA30: 197211.73 | CB30: 187893.68 | CC30: 108344.72
C31: 0.52 | D31: 11822.988 | E31: 21068.971 | F31: 23010.786 | G31: 28303.55 | I31: 0.52 | J31: 26024.556 | K31: 49564.145 | L31: 51423.013 | M31: 51752.506 | O31: 0.52 | P31: 39036.834 | Q31: 74940.862 | R31: 79288.393 | S31: 80056.055 | U31: 0.52 | V31: 52049.112 | W31: 100317.58 | X31: 107153.77 | Y31: 108359.61 | AA31: 0.52 | AB31: 65061.39 | AC31: 125694.3 | AD31: 135019.15 | AE31: 136663.15 | AG31: 0.52 | AH31: 78073.668 | AI31: 151071.01 | AJ31: 162884.53 | AK31: 164966.7 | AM31: 0.52 | AN31: 91085.946 | AO31: 176447.73 | AP31: 190749.91 | AQ31: 193270.25 | AS31: 0.54 | AT31: 61219.52 | AU31: 75490.894 | AV31: 76792.321 | AW31: 76527.552 | AY31: 0.54 | AZ31: 122439.04 | BA31: 151547.48 | BB31: 155599.45 | BC31: 156362.47 | BD31: 156087.21 | BF31: 0.54 | BG31: 183658.56 | BH31: 227604.06 | BI31: 234641.51 | BJ31: 235932.62 | BK31: 235646.88 | BM31: 0.54 | BN31: 61936.156 | BO31: 62070.064 | BP31: 61185.271 | BQ31: 35583.835 | BS31: 0.54 | BT31: 128016.07 | BU31: 128798.83 | BV31: 123576.94 | BW31: 71167.671 | BY31: 0.54 | BZ31: 194095.98 | CA31: 195527.59 | CB31: 185968.62 | CC31: 106751.51
C32: 0.54 | D32: 11822.988 | E32: 21068.971 | F32: 23010.786 | G32: 28303.55 | I32: 0.54 | J32: 26024.556 | K32: 49564.145 | L32: 51423.013 | M32: 51752.506 | O32: 0.54 | P32: 39036.834 | Q32: 74940.862 | R32: 79288.393 | S32: 80056.055 | U32: 0.54 | V32: 52049.112 | W32: 100317.58 | X32: 107153.77 | Y32: 108359.61 | AA32: 0.54 | AB32: 65061.39 | AC32: 125694.3 | AD32: 135019.15 | AE32: 136663.15 | AG32: 0.54 | AH32: 78073.668 | AI32: 151071.01 | AJ32: 162884.53 | AK32: 164966.7 | AM32: 0.54 | AN32: 91085.946 | AO32: 176447.73 | AP32: 190749.91 | AQ32: 193270.25 | AS32: 0.56 | AT32: 59264.269 | AU32: 74064.212 | AV32: 75415.803 | AW32: 75164.85 | AY32: 0.56 | AZ32: 118528.54 | BA32: 148715.07 | BB32: 152921.71 | BC32: 153710.36 | BD32: 153449.37 | BF32: 0.56 | BG32: 177792.81 | BH32: 223365.92 | BI32: 230668.71 | BJ32: 232004.91 | BK32: 231733.89 | BM32: 0.56 | BN32: 61365.785 | BO32: 61510.556 | BP32: 60553.346 | BQ32: 35052.764 | BS32: 0.56 | BT32: 126870.74 | BU32: 127677 | BV32: 122298.45 | BW32: 70105.528 | BY32: 0.56 | BZ32: 192375.7 | CA32: 193843.45 | CB32: 184043.55 | CC32: 105158.29
C33: 0.56 | D33: 11822.988 | E33: 21068.971 | F33: 23010.786 | G33: 28303.55 | I33: 0.56 | J33: 26024.556 | K33: 49564.145 | L33: 51423.013 | M33: 51752.506 | O33: 0.56 | P33: 39036.834 | Q33: 74940.862 | R33: 79288.393 | S33: 80056.055 | U33: 0.56 | V33: 52049.112 | W33: 100317.58 | X33: 107153.77 | Y33: 108359.61 | AA33: 0.56 | AB33: 65061.39 | AC33: 125694.3 | AD33: 135019.15 | AE33: 136663.15 | AG33: 0.56 | AH33: 78073.668 | AI33: 151071.01 | AJ33: 162884.53 | AK33: 164966.7 | AM33: 0.56 | AN33: 91085.946 | AO33: 176447.73 | AP33: 190749.91 | AQ33: 193270.25 | AS33: 0.58 | AT33: 57309.018 | AU33: 72637.53 | AV33: 74039.285 | AW33: 73802.148 | AY33: 0.58 | AZ33: 114618.04 | BA33: 145882.65 | BB33: 150243.98 | BC33: 151058.24 | BD33: 150811.53 | BF33: 0.58 | BG33: 171927.05 | BH33: 219127.78 | BI33: 226695.9 | BJ33: 228077.19 | BK33: 227820.9 | BM33: 0.58 | BN33: 60795.414 | BO33: 60951.048 | BP33: 59921.421 | BQ33: 34521.693 | BS33: 0.58 | BT33: 125725.42 | BU33: 126555.18 | BV33: 121019.96 | BW33: 69043.386 | BY33: 0.58 | BZ33: 190655.42 | CA33: 192159.32 | CB33: 182118.49 | CC33: 103565.08
C34: 0.58 | D34: 11822.988 | E34: 21068.971 | F34: 23010.786 | G34: 28303.55 | I34: 0.58 | J34: 26024.556 | K34: 49564.145 | L34: 51423.013 | M34: 51752.506 | O34: 0.58 | P34: 39036.834 | Q34: 74940.862 | R34: 79288.393 | S34: 80056.055 | U34: 0.58 | V34: 52049.112 | W34: 100317.58 | X34: 107153.77 | Y34: 108359.61 | AA34: 0.58 | AB34: 65061.39 | AC34: 125694.3 | AD34: 135019.15 | AE34: 136663.15 | AG34: 0.58 | AH34: 78073.668 | AI34: 151071.01 | AJ34: 162884.53 | AK34: 164966.7 | AM34: 0.58 | AN34: 91085.946 | AO34: 176447.73 | AP34: 190749.91 | AQ34: 193270.25 | AS34: 0.6 | AT34: 55353.767 | AU34: 71210.849 | AV34: 72662.767 | AW34: 72439.447 | AY34: 0.6 | AZ34: 110707.53 | BA34: 143050.24 | BB34: 147566.25 | BC34: 148406.12 | BD34: 148173.68 | BF34: 0.6 | BG34: 166061.3 | BH34: 214889.64 | BI34: 222723.1 | BJ34: 224149.48 | BK34: 223907.92 | BM34: 0.6 | BN34: 60225.043 | BO34: 60391.54 | BP34: 59289.495 | BQ34: 33990.622 | BS34: 0.6 | BT34: 124580.09 | BU34: 125433.36 | BV34: 119741.46 | BW34: 67981.244 | BY34: 0.6 | BZ34: 188935.15 | CA34: 190475.18 | CB34: 180193.43 | CC34: 101971.87
C35: 0.6 | D35: 11822.988 | E35: 21068.971 | F35: 23010.786 | G35: 28303.55 | I35: 0.6 | J35: 26024.556 | K35: 49564.145 | L35: 51423.013 | M35: 51752.506 | O35: 0.6 | P35: 39036.834 | Q35: 74940.862 | R35: 79288.393 | S35: 80056.055 | U35: 0.6 | V35: 52049.112 | W35: 100317.58 | X35: 107153.77 | Y35: 108359.61 | AA35: 0.6 | AB35: 65061.39 | AC35: 125694.3 | AD35: 135019.15 | AE35: 136663.15 | AG35: 0.6 | AH35: 78073.668 | AI35: 151071.01 | AJ35: 162884.53 | AK35: 164966.7 | AM35: 0.6 | AN35: 91085.946 | AO35: 176447.73 | AP35: 190749.91 | AQ35: 193270.25 | AS35: 0.62 | AT35: 53398.516 | AU35: 69784.167 | AV35: 71286.25 | AW35: 71076.745 | AY35: 0.62 | AZ35: 106797.03 | BA35: 140217.83 | BB35: 144888.51 | BC35: 145754.01 | BD35: 145535.84 | BF35: 0.62 | BG35: 160195.55 | BH35: 210651.49 | BI35: 218750.29 | BJ35: 220221.77 | BK35: 219994.93 | BM35: 0.62 | BN35: 59654.672 | BO35: 59832.031 | BP35: 58657.57 | BQ35: 33459.551 | BS35: 0.62 | BT35: 123434.77 | BU35: 124311.54 | BV35: 118462.97 | BW35: 66919.102 | BY35: 0.62 | BZ35: 187214.87 | CA35: 188791.04 | CB35: 178268.36 | CC35: 100378.65
C36: 0.62 | D36: 11822.988 | E36: 21068.971 | F36: 23010.786 | G36: 28303.55 | I36: 0.62 | J36: 26024.556 | K36: 49564.145 | L36: 51423.013 | M36: 51752.506 | O36: 0.62 | P36: 39036.834 | Q36: 74940.862 | R36: 79288.393 | S36: 80056.055 | U36: 0.62 | V36: 52049.112 | W36: 100317.58 | X36: 107153.77 | Y36: 108359.61 | AA36: 0.62 | AB36: 65061.39 | AC36: 125694.3 | AD36: 135019.15 | AE36: 136663.15 | AG36: 0.62 | AH36: 78073.668 | AI36: 151071.01 | AJ36: 162884.53 | AK36: 164966.7 | AM36: 0.62 | AN36: 91085.946 | AO36: 176447.73 | AP36: 190749.91 | AQ36: 193270.25 | AS36: 0.64 | AT36: 51443.264 | AU36: 68357.485 | AV36: 69909.732 | AW36: 69714.043 | AY36: 0.64 | AZ36: 102886.53 | BA36: 137385.42 | BB36: 142210.78 | BC36: 143101.89 | BD36: 142897.99 | BF36: 0.64 | BG36: 154329.79 | BH36: 206413.35 | BI36: 214777.49 | BJ36: 216294.05 | BK36: 216081.95 | BM36: 0.64 | BN36: 59084.302 | BO36: 59272.523 | BP36: 58025.645 | BQ36: 32928.48 | BS36: 0.64 | BT36: 122289.45 | BU36: 123189.71 | BV36: 117184.47 | BW36: 65856.96 | BY36: 0.64 | BZ36: 185494.59 | CA36: 187106.9 | CB36: 176343.3 | CC36: 98785.44
... C54: 0.98 | D54: 11822.988 | E54: 21068.971 | F54: 23010.786 | G54: 28303.55 | I54: 0.98 | J54: 26024.556 | K54: 49564.145 | L54: 51423.013 | M54: 51752.506 | O54: 0.98 | P54: 39036.834 | Q54: 74940.862 | R54: 79288.393 | S54: 80056.055 | U54: 0.98 | V54: 52049.112 | W54: 100317.58 | X54: 107153.77 | Y54: 108359.61 | AA54: 0.98 | AB54: 65061.39 | AC54: 125694.3 | AD54: 135019.15 | AE54: 136663.15 | AG54: 0.98 | AH54: 78073.668 | AI54: 151071.01 | AJ54: 162884.53 | AK54: 164966.7 | AM54: 0.98 | AN54: 91085.946 | AO54: 176447.73 | AP54: 190749.91 | AQ54: 193270.25 | AS54: 1 | AT54: 16248.744 | AU54: 42677.215 | AV54: 45132.412 | AW54: 45185.412 | AY54: 1 | AZ54: 32497.489 | BA54: 86402.004 | BB54: 94011.586 | BC54: 95363.807 | BD54: 95416.807 | BF54: 1 | BG54: 48746.233 | BH54: 130126.79 | BI54: 143266.99 | BJ54: 145595.2 | BK54: 145648.2 | BM54: 1 | BN54: 48817.627 | BO54: 49201.374 | BP54: 46650.991 | BQ54: 23369.201 | BS54: 1 | BT54: 101673.62 | BU54: 102996.9 | BV54: 94171.581 | BW54: 46738.402 | BY54: 1 | BZ54: 154529.62 | CA54: 156792.43 | CB54: 141692.17 | CC54: 70107.602
C55: 1 | D55: 11822.988 | E55: 21068.971 | F55: 23010.786 | G55: 28303.55 | I55: 1 | J55: 26024.556 | K55: 49564.145 | L55: 51423.013 | M55: 51752.506 | O55: 1 | P55: 39036.834 | Q55: 74940.862 | R55: 79288.393 | S55: 80056.055 | U55: 1 | V55: 52049.112 | W55: 100317.58 | X55: 107153.77 | Y55: 108359.61 | AA55: 1 | AB55: 65061.39 | AC55: 125694.3 | AD55: 135019.15 | AE55: 136663.15 | AG55: 1 | AH55: 78073.668 | AI55: 151071.01 | AJ55: 162884.53 | AK55: 164966.7 | AM55: 1 | AN55: 91085.946 | AO55: 176447.73 | AP55: 190749.91 | AQ55: 193270.25
AV57: =AV49-P49 -> 12978.167
C59: p{s} | D59: =p_sick -> 0.9

Sheet 2-Way Sensitivity
AD3: EST: SPECIFICITY (COLUMN) VS. SENSITIVITY (ROWS) | AV3: Surgical Success: CABG Success Rate vs. CABG Cost | BD3: Two-way Sensitivity Analysis: Probability of Disease and Cost-effectiveness threshold
B4: TWO-WAY SENSITIVITY ANALYSIS (Qaly Discount Rate & CER) | I4: TWO-WAY SENSITIVITY ANALYSIS (Cost Discount Rate & Cost Threshold) | Q4: TWO-WAY SENSITIVITY ANALYSIS (Prevalence and Threshold) | X4: ANG | Y4: 0 | Z4: 0.05 | AA4: 0.1 | AB4: 0.15 | AC4: 0.2 | AD4: 0.25 | AE4: 0.3 | AF4: 0.35 | AG4: 0.4 | AH4: 0.45 | AI4: 0.5 | AJ4: 0.55 | AK4: 0.6 | AL4: 0.65 | AM4: 0.7 | AN4: 0.75 | AO4: 0.8 | AP4: 0.85 | AQ4: 0.9 | AR4: 0.95 | AS4: 1 | AV4: 1000 | AW4: 2000 | AX4: 3000 | AY4: 4000 | AZ4: 5000 | BA4: 6000 | BC4: MM | BD4: 1000 | BE4: 2000 | BF4: 5000 | BG4: 10000 | BH4: 15000 | BI4: 20000 | BJ4: 25000 | BK4: 30000 | BL4: 35000 | BM4: 40000 | BN4: 50000 | BO4: 100000 | BT4: Two-way sensitivity anaysis: Health Discount Rate (Column) vs Cost Discount Rate (Rows) - $5000
B5: 329.4346 | C5: 5000 | D5: 10000 | E5: 20000 | F5: 30000 | I5: 329.4346 | J5: 5000 | K5: 10000 | L5: 20000 | M5: 30000 | Q5: ANG | R5: 2500 | S5: 5000 | T5: 10000 | U5: 20000 | V5: 30000 | X5: 0 | Y5: ANG | Z5: ANG | AA5: ANG | AB5: ANG | AC5: ANG | AD5: ANG | AE5: ANG | AF5: ANG | AG5: ANG | AH5: ANG | AI5: ANG | AJ5: ANG | AK5: ANG | AL5: ANG | AM5: ANG | AN5: ANG | AO5: ANG | AP5: ANG | AQ5: ANG | AR5: ANG | AS5: #DIV/0! | AU5: 0 | AV5: MM | AW5: MM | AX5: MM | AY5: MM | AZ5: MM | BA5: MM | BC5: 0 | BD5: NT | BE5: NT | BF5: NT | BG5: NT | BH5: NT | BI5: NT | BJ5: NT | BK5: NT | BL5: NT | BM5: NT | BN5: NT | BO5: NT | BQ5: MM | BR5: 0 | BS5: 0.0025 | BT5: 0.005 | BU5: 0.0075 | BV5: 0.01 | BW5: 0.0125 | BX5: 0.015 | BY5: 0.0175 | BZ5: 0.02 | CA5: 0.0225 | CB5: 0.025 | CC5: 0.0275 | CD5: 0.03 | CE5: 0.0325 | CF5: 0.035 | CG5: 0.0375 | CH5: 0.04 | CI5: 0.0425 | CJ5: 0.045 | CK5: 0.0475 | CL5: 0.05 | CQ5: Two-way sensitivity anaysis: Health Discount Rate (Column) vs Cost Discount Rate (Rows) - £10,000
B6: 0 | C6: -33.319508 | D6: 480.266 | E6: 1507.437 | F6: 2534.6081 | I6: 0 | J6: -111.53093 | K6: 326.63888 | L6: 1202.9785 | M6: 2079.3181 | Q6: 0 | R6: NT | S6: NT | T6: NT | U6: NT | V6: NT | X6: 0.05 | Y6: ANG | Z6: ANG | AA6: ANG | AB6: ANG | AC6: ANG | AD6: ANG | AE6: ANG | AF6: ANG | AG6: ANG | AH6: ANG | AI6: ANG | AJ6: ANG | AK6: ANG | AL6: ANG | AM6: ANG | AN6: ANG | AO6: ANG | AP6: ANG | AQ6: ANG | AR6: ANG | AS6: ANG | AU6: 0.05 | AV6: MM | AW6: MM | AX6: MM | AY6: MM | AZ6: MM | BA6: MM | BC6: 0.05 | BD6: MM | BE6: MM | BF6: MM | BG6: MM | BH6: EST | BI6: EST | BJ6: EST | BK6: EST | BL6: EST | BM6: EST | BN6: EST | BO6: EST | BQ6: 0 | BR6: MM | BS6: MM | BT6: MM | BU6: MM | BV6: MM | BW6: MM | BX6: MM | BY6: MM | BZ6: MM | CA6: MM | CB6: MM | CC6: MM | CD6: MM | CE6: MM | CF6: MM | CG6: MM | CH6: MM | CI6: MM | CJ6: MM | CK6: MM | CL6: MM | CN6: ANG | CO6: 0 | CP6: 0.0025 | CQ6: 0.005 | CR6: 0.0075 | CS6: 0.01 | CT6: 0.0125 | CU6: 0.015 | CV6: 0.0175 | CW6: 0.02 | CX6: 0.0225 | CY6: 0.025 | CZ6: 0.0275 | DA6: 0.03 | DB6: 0.0325 | DC6: 0.035 | DD6: 0.0375 | DE6: 0.04 | DF6: 0.0425 | DG6: 0.045 | DH6: 0.0475 | DI6: 0.05
B7: 0.01 | C7: -55.305181 | D7: 436.29466 | E7: 1419.4943 | F7: 2402.694 | I7: 0.01 | J7: -110.54487 | K7: 327.62494 | L7: 1203.9646 | M7: 2080.3042 | Q7: 0.05 | R7: MM | S7: MM | T7: MM | U7: EST | V7: EST | X7: 0.1 | Y7: ANG | Z7: ANG | AA7: ANG | AB7: ANG | AC7: ANG | AD7: ANG | AE7: ANG | AF7: ANG | AG7: ANG | AH7: ANG | AI7: ANG | AJ7: ANG | AK7: ANG | AL7: ANG | AM7: ANG | AN7: ANG | AO7: ANG | AP7: ANG | AQ7: ANG | AR7: ANG | AS7: ANG | AU7: 0.1 | AV7: MM | AW7: MM | AX7: MM | AY7: MM | AZ7: MM | BA7: MM | BC7: 0.1 | BD7: MM | BE7: MM | BF7: MM | BG7: EST | BH7: EST | BI7: EST | BJ7: EST | BK7: EST | BL7: EST | BM7: EST | BN7: EST | BO7: ANG | BQ7: 0.0025 | BR7: MM | BS7: MM | BT7: MM | BU7: MM | BV7: MM | BW7: MM | BX7: MM | BY7: MM | BZ7: MM | CA7: MM | CB7: MM | CC7: MM | CD7: MM | CE7: MM | CF7: MM | CG7: MM | CH7: MM | CI7: MM | CJ7: MM | CK7: MM | CL7: MM | CN7: 0 | CO7: ANG | CP7: ANG | CQ7: ANG | CR7: ANG | CS7: ANG | CT7: ANG | CU7: ANG | CV7: ANG | CW7: ANG | CX7: ANG | CY7: ANG | CZ7: ANG | DA7: ANG | DB7: ANG | DC7: ANG | DD7: ANG | DE7: ANG | DF7: ANG | DG7: ANG | DH7: ANG | DI7: ANG
B8: 0.02 | C8: -76.996257 | D8: 392.91251 | E8: 1332.73 | F8: 2272.5476 | I8: 0.02 | J8: -109.71783 | K8: 328.45198 | L8: 1204.7916 | M8: 2081.1312 | Q8: 0.1 | R8: MM | S8: MM | T8: EST | U8: EST | V8: EST | X8: 0.15 | Y8: ANG | Z8: ANG | AA8: ANG | AB8: ANG | AC8: ANG | AD8: ANG | AE8: ANG | AF8: ANG | AG8: ANG | AH8: ANG | AI8: ANG | AJ8: ANG | AK8: ANG | AL8: ANG | AM8: ANG | AN8: ANG | AO8: ANG | AP8: ANG | AQ8: ANG | AR8: ANG | AS8: ANG | AU8: 0.15 | AV8: MM | AW8: MM | AX8: MM | AY8: MM | AZ8: MM | BA8: MM | BC8: 0.15 | BD8: MM | BE8: MM | BF8: MM | BG8: EST | BH8: EST | BI8: EST | BJ8: EST | BK8: EST | BL8: EST | BM8: EST | BN8: ANG | BO8: ANG | BQ8: 0.005 | BR8: MM | BS8: MM | BT8: MM | BU8: MM | BV8: MM | BW8: MM | BX8: MM | BY8: MM | BZ8: MM | CA8: MM | CB8: MM | CC8: MM | CD8: MM | CE8: MM | CF8: MM | CG8: MM | CH8: MM | CI8: MM | CJ8: MM | CK8: MM | CL8: MM | CN8: 0.0025 | CO8: ANG | CP8: ANG | CQ8: ANG | CR8: ANG | CS8: ANG | CT8: ANG | CU8: ANG | CV8: ANG | CW8: ANG | CX8: ANG | CY8: ANG | CZ8: ANG | DA8: ANG | DB8: ANG | DC8: ANG | DD8: ANG | DE8: ANG | DF8: ANG | DG8: ANG | DH8: ANG | DI8: ANG
B9: 0.03 | C9: -98.277276 | D9: 350.35047 | E9: 1247.606 | F9: 2144.8615 | I9: 0.03 | J9: -109.03115 | K9: 329.13866 | L9: 1205.4783 | M9: 2081.8179 | Q9: 0.15 | R9: MM | S9: MM | T9: EST | U9: EST | V9: EST | X9: 0.2 | Y9: ANG | Z9: ANG | AA9: ANG | AB9: ANG | AC9: ANG | AD9: ANG | AE9: ANG | AF9: ANG | AG9: ANG | AH9: ANG | AI9: ANG | AJ9: ANG | AK9: ANG | AL9: ANG | AM9: ANG | AN9: ANG | AO9: ANG | AP9: ANG | AQ9: ANG | AR9: ANG | AS9: ANG | AU9: 0.2 | AV9: MM | AW9: MM | AX9: MM | AY9: MM | AZ9: MM | BA9: MM | BC9: 0.2 | BD9: MM | BE9: MM | BF9: MM | BG9: EST | BH9: EST | BI9: EST | BJ9: EST | BK9: EST | BL9: ANG | BM9: ANG | BN9: ANG | BO9: ANG | BQ9: 0.0075 | BR9: MM | BS9: MM | BT9: MM | BU9: MM | BV9: MM | BW9: MM | BX9: MM | BY9: MM | BZ9: MM | CA9: MM | CB9: MM | CC9: MM | CD9: MM | CE9: MM | CF9: MM | CG9: MM | CH9: MM | CI9: MM | CJ9: MM | CK9: MM | CL9: MM | CN9: 0.005 | CO9: ANG | CP9: ANG | CQ9: ANG | CR9: ANG | CS9: ANG | CT9: ANG | CU9: ANG | CV9: ANG | CW9: ANG | CX9: ANG | CY9: ANG | CZ9: ANG | DA9: ANG | DB9: ANG | DC9: ANG | DD9: ANG | DE9: ANG | DF9: ANG | DG9: ANG | DH9: ANG | DI9: ANG
B10: 0.04 | C10: -119.05893 | D10: 308.78716 | E10: 1164.4793 | F10: 2020.1715 | I10: 0.04 | J10: -108.46834 | K10: 329.70147 | L10: 1206.0411 | M10: 2082.3807 | Q10: 0.2 | R10: MM | S10: MM | T10: EST | U10: EST | V10: EST | X10: 0.25 | Y10: ANG | Z10: ANG | AA10: ANG | AB10: ANG | AC10: ANG | AD10: ANG | AE10: ANG | AF10: ANG | AG10: ANG | AH10: ANG | AI10: ANG | AJ10: ANG | AK10: ANG | AL10: ANG | AM10: ANG | AN10: ANG | AO10: ANG | AP10: ANG | AQ10: ANG | AR10: ANG | AS10: ANG | AU10: 0.25 | AV10: MM | AW10: MM | AX10: MM | AY10: MM | AZ10: MM | BA10: MM | BC10: 0.25 | BD10: MM | BE10: MM | BF10: MM | BG10: EST | BH10: EST | BI10: EST | BJ10: ANG | BK10: ANG | BL10: ANG | BM10: ANG | BN10: ANG | BO10: ANG | BQ10: 0.01 | BR10: MM | BS10: MM | BT10: MM | BU10: MM | BV10: MM | BW10: MM | BX10: MM | BY10: MM | BZ10: MM | CA10: MM | CB10: MM | CC10: MM | CD10: MM | CE10: MM | CF10: MM | CG10: MM | CH10: MM | CI10: MM | CJ10: MM | CK10: MM | CL10: MM | CN10: 0.0075 | CO10: ANG | CP10: ANG | CQ10: ANG | CR10: ANG | CS10: ANG | CT10: ANG | CU10: ANG | CV10: ANG | CW10: ANG | CX10: ANG | CY10: ANG | CZ10: ANG | DA10: ANG | DB10: ANG | DC10: ANG | DD10: ANG | DE10: ANG | DF10: ANG | DG10: ANG | DH10: ANG | DI10: ANG
B11: 0.05 | C11: -139.2736 | D11: 268.35783 | E11: 1083.6207 | F11: 1898.8835 | I11: 0.05 | J11: -108.01482 | K11: 330.15499 | L11: 1206.4946 | M11: 2082.8342 | Q11: 0.25 | R11: MM | S11: MM | T11: EST | U11: EST | V11: ANG | X11: 0.3 | Y11: ANG | Z11: ANG | AA11: ANG | AB11: ANG | AC11: ANG | AD11: ANG | AE11: ANG | AF11: ANG | AG11: ANG | AH11: ANG | AI11: ANG | AJ11: ANG | AK11: ANG | AL11: ANG | AM11: ANG | AN11: ANG | AO11: ANG | AP11: ANG | AQ11: ANG | AR11: ANG | AS11: ANG | AU11: 0.3 | AV11: MM | AW11: MM | AX11: MM | AY11: MM | AZ11: MM | BA11: MM | BC11: 0.3 | BD11: MM | BE11: MM | BF11: MM | BG11: EST | BH11: EST | BI11: ANG | BJ11: ANG | BK11: ANG | BL11: ANG | BM11: ANG | BN11: ANG | BO11: ANG | BQ11: 0.0125 | BR11: MM | BS11: MM | BT11: MM | BU11: MM | BV11: MM | BW11: MM | BX11: MM | BY11: MM | BZ11: MM | CA11: MM | CB11: MM | CC11: MM | CD11: MM | CE11: MM | CF11: MM | CG11: MM | CH11: MM | CI11: MM | CJ11: MM | CK11: MM | CL11: MM | CN11: 0.01 | CO11: ANG | CP11: ANG | CQ11: ANG | CR11: ANG | CS11: ANG | CT11: ANG | CU11: ANG | CV11: ANG | CW11: ANG | CX11: ANG | CY11: ANG | CZ11: ANG | DA11: ANG | DB11: ANG | DC11: ANG | DD11: ANG | DE11: ANG | DF11: ANG | DG11: ANG | DH11: ANG | DI11: ANG
B12: 0.06 | C12: -158.87157 | D12: 229.16188 | E12: 1005.2288 | F12: 1781.2957 | I12: 0.06 | J12: -107.65771 | K12: 330.5121 | L12: 1206.8517 | M12: 2083.1913 | Q12: 0.3 | R12: MM | S12: MM | T12: EST | U12: ANG | V12: ANG | X12: 0.35 | Y12: ANG | Z12: ANG | AA12: ANG | AB12: ANG | AC12: ANG | AD12: ANG | AE12: ANG | AF12: ANG | AG12: ANG | AH12: ANG | AI12: ANG | AJ12: ANG | AK12: ANG | AL12: ANG | AM12: ANG | AN12: ANG | AO12: ANG | AP12: ANG | AQ12: ANG | AR12: ANG | AS12: ANG | AU12: 0.35 | AV12: MM | AW12: MM | AX12: MM | AY12: MM | AZ12: MM | BA12: MM | BC12: 0.35 | BD12: MM | BE12: MM | BF12: MM | BG12: EST | BH12: EST | BI12: ANG | BJ12: ANG | BK12: ANG | BL12: ANG | BM12: ANG | BN12: ANG | BO12: ANG | BQ12: 0.015 | BR12: MM | BS12: MM | BT12: MM | BU12: MM | BV12: MM | BW12: MM | BX12: MM | BY12: MM | BZ12: MM | CA12: MM | CB12: MM | CC12: MM | CD12: MM | CE12: MM | CF12: MM | CG12: MM | CH12: MM | CI12: MM | CJ12: MM | CK12: MM | CL12: MM | CN12: 0.0125 | CO12: ANG | CP12: ANG | CQ12: ANG | CR12: ANG | CS12: ANG | CT12: ANG | CU12: ANG | CV12: ANG | CW12: ANG | CX12: ANG | CY12: ANG | CZ12: ANG | DA12: ANG | DB12: ANG | DC12: ANG | DD12: ANG | DE12: ANG | DF12: ANG | DG12: ANG | DH12: ANG | DI12: ANG
B13: 0.07 | C13: -177.81793 | D13: 191.26916 | E13: 929.44333 | F13: 1667.6175 | I13: 0.07 | J13: -107.3856 | K13: 330.78421 | L13: 1207.1238 | M13: 2083.4634 | Q13: 0.35 | R13: MM | S13: MM | T13: EST | U13: ANG | V13: ANG | X13: 0.4 | Y13: ANG | Z13: ANG | AA13: ANG | AB13: ANG | AC13: ANG | AD13: ANG | AE13: ANG | AF13: ANG | AG13: ANG | AH13: ANG | AI13: ANG | AJ13: ANG | AK13: ANG | AL13: ANG | AM13: ANG | AN13: ANG | AO13: ANG | AP13: ANG | AQ13: ANG | AR13: ANG | AS13: ANG | AU13: 0.4 | AV13: MM | AW13: MM | AX13: MM | AY13: MM | AZ13: MM | BA13: MM | BC13: 0.4 | BD13: MM | BE13: MM | BF13: MM | BG13: EST | BH13: ANG | BI13: ANG | BJ13: ANG | BK13: ANG | BL13: ANG | BM13: ANG | BN13: ANG | BO13: ANG | BQ13: 0.0175 | BR13: MM | BS13: MM | BT13: MM | BU13: MM | BV13: MM | BW13: MM | BX13: MM | BY13: MM | BZ13: MM | CA13: MM | CB13: MM | CC13: MM | CD13: MM | CE13: MM | CF13: MM | CG13: MM | CH13: MM | CI13: MM | CJ13: MM | CK13: MM | CL13: MM | CN13: 0.015 | CO13: ANG | CP13: ANG | CQ13: ANG | CR13: ANG | CS13: ANG | CT13: ANG | CU13: ANG | CV13: ANG | CW13: ANG | CX13: ANG | CY13: ANG | CZ13: ANG | DA13: ANG | DB13: ANG | DC13: ANG | DD13: ANG | DE13: ANG | DF13: ANG | DG13: ANG | DH13: ANG | DI13: ANG
B14: 0.08 | C14: -196.08989 | D14: 154.72523 | E14: 856.35548 | F14: 1557.9857 | I14: 0.08 | J14: -107.18839 | K14: 330.98142 | L14: 1207.321 | M14: 2083.6607 | Q14: 0.4 | R14: MM | S14: MM | T14: EST | U14: ANG | V14: ANG | X14: 0.45 | Y14: ANG | Z14: ANG | AA14: ANG | AB14: ANG | AC14: ANG | AD14: ANG | AE14: ANG | AF14: ANG | AG14: ANG | AH14: ANG | AI14: ANG | AJ14: ANG | AK14: ANG | AL14: ANG | AM14: ANG | AN14: ANG | AO14: ANG | AP14: ANG | AQ14: ANG | AR14: ANG | AS14: ANG | AU14: 0.45 | AV14: MM | AW14: MM | AX14: MM | AY14: MM | AZ14: MM | BA14: MM | BC14: 0.45 | BD14: MM | BE14: MM | BF14: MM | BG14: EST | BH14: ANG | BI14: ANG | BJ14: ANG | BK14: ANG | BL14: ANG | BM14: ANG | BN14: ANG | BO14: ANG | BQ14: 0.02 | BR14: MM | BS14: MM | BT14: MM | BU14: MM | BV14: MM | BW14: MM | BX14: MM | BY14: MM | BZ14: MM | CA14: MM | CB14: MM | CC14: MM | CD14: MM | CE14: MM | CF14: MM | CG14: MM | CH14: MM | CI14: MM | CJ14: MM | CK14: MM | CL14: MM | CN14: 0.0175 | CO14: ANG | CP14: ANG | CQ14: ANG | CR14: ANG | CS14: ANG | CT14: ANG | CU14: ANG | CV14: ANG | CW14: ANG | CX14: ANG | CY14: ANG | CZ14: ANG | DA14: ANG | DB14: ANG | DC14: ANG | DD14: ANG | DE14: ANG | DF14: ANG | DG14: ANG | DH14: ANG | DI14: ANG
B15: 0.09 | C15: -213.6746 | D15: 119.55583 | E15: 786.01667 | F15: 1452.4775 | I15: 0.09 | J15: -107.05713 | K15: 331.11268 | L15: 1207.4523 | M15: 2083.7919 | Q15: 0.45 | R15: MM | S15: MM | T15: EST | U15: ANG | V15: ANG | X15: 0.5 | Y15: ANG | Z15: ANG | AA15: ANG | AB15: ANG | AC15: ANG | AD15: ANG | AE15: ANG | AF15: ANG | AG15: ANG | AH15: ANG | AI15: ANG | AJ15: ANG | AK15: ANG | AL15: ANG | AM15: ANG | AN15: ANG | AO15: ANG | AP15: ANG | AQ15: ANG | AR15: ANG | AS15: ANG | AU15: 0.5 | AV15: MM | AW15: MM | AX15: MM | AY15: MM | AZ15: MM | BA15: MM | BC15: 0.5 | BD15: MM | BE15: MM | BF15: MM | BG15: EST | BH15: ANG | BI15: ANG | BJ15: ANG | BK15: ANG | BL15: ANG | BM15: ANG | BN15: ANG | BO15: ANG | BQ15: 0.0225 | BR15: MM | BS15: MM | BT15: MM | BU15: MM | BV15: MM | BW15: MM | BX15: MM | BY15: MM | BZ15: MM | CA15: MM | CB15: MM | CC15: MM | CD15: MM | CE15: MM | CF15: MM | CG15: MM | CH15: MM | CI15: MM | CJ15: MM | CK15: MM | CL15: MM | CN15: 0.02 | CO15: ANG | CP15: ANG | CQ15: ANG | CR15: ANG | CS15: ANG | CT15: ANG | CU15: ANG | CV15: ANG | CW15: ANG | CX15: ANG | CY15: ANG | CZ15: ANG | DA15: ANG | DB15: ANG | DC15: ANG | DD15: ANG | DE15: ANG | DF15: ANG | DG15: ANG | DH15: ANG | DI15: ANG
B16: 0.1 | C16: -230.56725 | D16: 85.77052 | E16: 718.44606 | F16: 1351.1216 | I16: 0.1 | J16: -106.98387 | K16: 331.18594 | L16: 1207.5256 | M16: 2083.8652 | Q16: 0.5 | R16: MM | S16: MM | T16: EST | U16: ANG | V16: ANG | X16: 0.55 | Y16: ANG | Z16: ANG | AA16: ANG | AB16: ANG | AC16: ANG | AD16: ANG | AE16: ANG | AF16: ANG | AG16: ANG | AH16: ANG | AI16: ANG | AJ16: ANG | AK16: ANG | AL16: ANG | AM16: ANG | AN16: ANG | AO16: ANG | AP16: ANG | AQ16: ANG | AR16: ANG | AS16: ANG | AU16: 0.55 | AV16: MM | AW16: MM | AX16: MM | AY16: MM | AZ16: MM | BA16: MM | BC16: 0.55 | BD16: MM | BE16: MM | BF16: MM | BG16: EST | BH16: ANG | BI16: ANG | BJ16: ANG | BK16: ANG | BL16: ANG | BM16: ANG | BN16: ANG | BO16: ANG | BQ16: 0.025 | BR16: MM | BS16: MM | BT16: MM | BU16: MM | BV16: MM | BW16: MM | BX16: MM | BY16: MM | BZ16: MM | CA16: MM | CB16: MM | CC16: MM | CD16: MM | CE16: MM | CF16: MM | CG16: MM | CH16: MM | CI16: MM | CJ16: MM | CK16: MM | CL16: MM | CN16: 0.0225 | CO16: ANG | CP16: ANG | CQ16: ANG | CR16: ANG | CS16: ANG | CT16: ANG | CU16: ANG | CV16: ANG | CW16: ANG | CX16: ANG | CY16: ANG | CZ16: ANG | DA16: ANG | DB16: ANG | DC16: ANG | DD16: ANG | DE16: ANG | DF16: ANG | DG16: ANG | DH16: ANG | DI16: ANG
B17: 0.11 | C17: -246.76958 | D17: 53.365853 | E17: 653.63673 | F17: 1253.9076 | I17: 0.11 | J17: -106.96157 | K17: 331.20824 | L17: 1207.5479 | M17: 2083.8875 | Q17: 0.55 | R17: MM | S17: MM | T17: EST | U17: ANG | V17: ANG | X17: 0.6 | Y17: ANG | Z17: ANG | AA17: ANG | AB17: ANG | AC17: ANG | AD17: ANG | AE17: ANG | AF17: ANG | AG17: ANG | AH17: ANG | AI17: ANG | AJ17: ANG | AK17: ANG | AL17: ANG | AM17: ANG | AN17: ANG | AO17: ANG | AP17: ANG | AQ17: ANG | AR17: ANG | AS17: ANG | AU17: 0.6 | AV17: MM | AW17: MM | AX17: MM | AY17: MM | AZ17: MM | BA17: MM | BC17: 0.6 | BD17: MM | BE17: MM | BF17: MM | BG17: ANG | BH17: ANG | BI17: ANG | BJ17: ANG | BK17: ANG | BL17: ANG | BM17: ANG | BN17: ANG | BO17: ANG | BQ17: 0.0275 | BR17: MM | BS17: MM | BT17: MM | BU17: MM | BV17: MM | BW17: MM | BX17: MM | BY17: MM | BZ17: MM | CA17: MM | CB17: MM | CC17: MM | CD17: MM | CE17: MM | CF17: MM | CG17: MM | CH17: MM | CI17: MM | CJ17: MM | CK17: MM | CL17: MM | CN17: 0.025 | CO17: ANG | CP17: ANG | CQ17: ANG | CR17: ANG | CS17: ANG | CT17: ANG | CU17: ANG | CV17: ANG | CW17: ANG | CX17: ANG | CY17: ANG | CZ17: ANG | DA17: ANG | DB17: ANG | DC17: ANG | DD17: ANG | DE17: ANG | DF17: ANG | DG17: ANG | DH17: ANG | DI17: ANG
B18: 0.12 | C18: -262.28855 | D18: 22.327921 | E18: 591.56086 | F18: 1160.7938 | I18: 0.12 | J18: -106.98397 | K18: 331.18584 | L18: 1207.5255 | M18: 2083.8651 | Q18: 0.6 | R18: MM | S18: MM | T18: ANG | U18: ANG | V18: ANG | X18: 0.65 | Y18: ANG | Z18: ANG | AA18: ANG | AB18: ANG | AC18: ANG | AD18: ANG | AE18: ANG | AF18: ANG | AG18: ANG | AH18: ANG | AI18: ANG | AJ18: ANG | AK18: ANG | AL18: ANG | AM18: ANG | AN18: ANG | AO18: ANG | AP18: ANG | AQ18: ANG | AR18: ANG | AS18: ANG | AU18: 0.65 | AV18: MM | AW18: MM | AX18: MM | AY18: MM | AZ18: MM | BA18: MM | BC18: 0.65 | BD18: MM | BE18: MM | BF18: MM | BG18: ANG | BH18: ANG | BI18: ANG | BJ18: ANG | BK18: ANG | BL18: ANG | BM18: ANG | BN18: ANG | BO18: ANG | BQ18: 0.03 | BR18: MM | BS18: MM | BT18: MM | BU18: MM | BV18: MM | BW18: MM | BX18: MM | BY18: MM | BZ18: MM | CA18: MM | CB18: MM | CC18: MM | CD18: MM | CE18: MM | CF18: MM | CG18: MM | CH18: MM | CI18: MM | CJ18: MM | CK18: MM | CL18: MM | CN18: 0.0275 | CO18: ANG | CP18: ANG | CQ18: ANG | CR18: ANG | CS18: ANG | CT18: ANG | CU18: ANG | CV18: ANG | CW18: ANG | CX18: ANG | CY18: ANG | CZ18: ANG | DA18: ANG | DB18: ANG | DC18: ANG | DD18: ANG | DE18: ANG | DF18: ANG | DG18: ANG | DH18: ANG | DI18: ANG
... B24: 0.18 | C24: -341.86052 | D24: -136.81602 | E24: 273.27298 | F24: 683.36198 | I24: 0.18 | J24: -107.78603 | K24: 330.38378 | L24: 1206.7234 | M24: 2083.063 | Q24: 0.9 | R24: MM | S24: MM | T24: ANG | U24: ANG | V24: ANG | X24: 0.95 | Y24: ANG | Z24: ANG | AA24: ANG | AB24: ANG | AC24: ANG | AD24: ANG | AE24: ANG | AF24: ANG | AG24: ANG | AH24: ANG | AI24: ANG | AJ24: ANG | AK24: ANG | AL24: ANG | AM24: ANG | AN24: ANG | AO24: ANG | AP24: ANG | AQ24: ANG | AR24: ANG | AS24: ANG | AU24: 0.95 | AV24: ANG | AW24: ANG | AX24: ANG | AY24: ANG | AZ24: ANG | BA24: ANG | BC24: 0.95 | BD24: MM | BE24: MM | BF24: MM | BG24: ANG | BH24: ANG | BI24: ANG | BJ24: ANG | BK24: ANG | BL24: ANG | BM24: ANG | BN24: ANG | BO24: ANG | BQ24: 0.045 | BR24: MM | BS24: MM | BT24: MM | BU24: MM | BV24: MM | BW24: MM | BX24: MM | BY24: MM | BZ24: MM | CA24: MM | CB24: MM | CC24: MM | CD24: MM | CE24: MM | CF24: MM | CG24: MM | CH24: MM | CI24: MM | CJ24: MM | CK24: MM | CL24: MM | CN24: 0.0425 | CO24: ANG | CP24: ANG | CQ24: ANG | CR24: ANG | CS24: ANG | CT24: ANG | CU24: ANG | CV24: ANG | CW24: ANG | CX24: ANG | CY24: ANG | CZ24: ANG | DA24: ANG | DB24: ANG | DC24: ANG | DD24: ANG | DE24: ANG | DF24: ANG | DG24: ANG | DH24: ANG | DI24: ANG
B25: 0.19 | C25: -353.04164 | D25: -159.17827 | E25: 228.54848 | F25: 616.27524 | I25: 0.19 | J25: -107.99615 | K25: 330.17366 | L25: 1206.5133 | M25: 2082.8529 | Q25: 0.95 | R25: MM | S25: MM | T25: ANG | U25: ANG | V25: ANG | X25: 1 | Y25: #DIV/0! | Z25: ANG | AA25: ANG | AB25: ANG | AC25: ANG | AD25: ANG | AE25: ANG | AF25: ANG | AG25: ANG | AH25: ANG | AI25: ANG | AJ25: ANG | AK25: ANG | AL25: ANG | AM25: ANG | AN25: ANG | AO25: EST | AP25: EST | AQ25: EST | AR25: EST | AS25: EST | AU25: 1 | AV25: ANG | AW25: ANG | AX25: ANG | AY25: ANG | AZ25: ANG | BA25: ANG | BC25: 1 | BD25: MM | BE25: MM | BF25: MM | BG25: ANG | BH25: ANG | BI25: ANG | BJ25: ANG | BK25: ANG | BL25: ANG | BM25: ANG | BN25: ANG | BO25: ANG | BQ25: 0.0475 | BR25: MM | BS25: MM | BT25: MM | BU25: MM | BV25: MM | BW25: MM | BX25: MM | BY25: MM | BZ25: MM | CA25: MM | CB25: MM | CC25: MM | CD25: MM | CE25: MM | CF25: MM | CG25: MM | CH25: MM | CI25: MM | CJ25: MM | CK25: MM | CL25: MM | CN25: 0.045 | CO25: ANG | CP25: ANG | CQ25: ANG | CR25: ANG | CS25: ANG | CT25: ANG | CU25: ANG | CV25: ANG | CW25: ANG | CX25: ANG | CY25: ANG | CZ25: ANG | DA25: ANG | DB25: ANG | DC25: ANG | DD25: ANG | DE25: ANG | DF25: ANG | DG25: ANG | DH25: ANG | DI25: ANG
B26: 0.2 | C26: -363.68453 | D26: -180.46403 | E26: 185.97696 | F26: 552.41794 | I26: 0.2 | J26: -108.22051 | K26: 329.9493 | L26: 1206.2889 | M26: 2082.6285 | Q26: 1 | R26: MM | S26: MM | T26: ANG | U26: ANG | V26: ANG | BQ26: 0.05 | BR26: MM | BS26: MM | BT26: MM | BU26: MM | BV26: MM | BW26: MM | BX26: MM | BY26: MM | BZ26: MM | CA26: MM | CB26: MM | CC26: MM | CD26: MM | CE26: MM | CF26: MM | CG26: MM | CH26: MM | CI26: MM | CJ26: MM | CK26: MM | CL26: MM | CN26: 0.0475 | CO26: ANG | CP26: ANG | CQ26: ANG | CR26: ANG | CS26: ANG | CT26: ANG | CU26: ANG | CV26: ANG | CW26: ANG | CX26: ANG | CY26: ANG | CZ26: ANG | DA26: ANG | DB26: ANG | DC26: ANG | DD26: ANG | DE26: ANG | DF26: ANG | DG26: ANG | DH26: ANG | DI26: ANG
B27: 0.21 | C27: -373.811 | D27: -200.71698 | E27: 145.47106 | F27: 491.65911 | I27: 0.21 | J27: -108.45694 | K27: 329.71287 | L27: 1206.0525 | M27: 2082.3921 | CN27: 0.05 | CO27: ANG | CP27: ANG | CQ27: ANG | CR27: ANG | CS27: ANG | CT27: ANG | CU27: ANG | CV27: ANG | CW27: ANG | CX27: ANG | CY27: ANG | CZ27: ANG | DA27: ANG | DB27: ANG | DC27: ANG | DD27: ANG | DE27: ANG | DF27: ANG | DG27: ANG | DH27: ANG | DI27: ANG
